environment,source_experiment_code,target_year,city,planting_date,planting_date_source,latitude,longitude,n_field_metadata_records,t1_metadata_feasible,t1_metadata_failure_reason,weather_station_placement_used_as_planting_proxy,treatment_application_date_used_as_planting_proxy,weather_window_rule,phenotype_used
COH1_2023,COH1,2023,Fort Collins,,NOT_AVAILABLE,40.6533,-104.9928,1,False,PLANTING_DATE_NOT_AVAILABLE_IN_ALLOWLISTED_2023_FIELD_METADATA,False,False,PLANTING_THROUGH_30_DAP_ONLY,False
DEH1_2023,DEH1,2023,Georgetown,,NOT_AVAILABLE,38.63,-75.466,1,False,PLANTING_DATE_NOT_AVAILABLE_IN_ALLOWLISTED_2023_FIELD_METADATA,False,False,PLANTING_THROUGH_30_DAP_ONLY,False
GAH1_2023,GAH1,2023,Tifton,,NOT_AVAILABLE,31.5073,-83.55831,1,False,PLANTING_DATE_NOT_AVAILABLE_IN_ALLOWLISTED_2023_FIELD_METADATA,False,False,PLANTING_THROUGH_30_DAP_ONLY,False
GAH2_2023,GAH2,2023,Watkinsville,,NOT_AVAILABLE,33.7245165,-83.3040989,1,False,PLANTING_DATE_NOT_AVAILABLE_IN_ALLOWLISTED_2023_FIELD_METADATA,False,False,PLANTING_THROUGH_30_DAP_ONLY,False
IAH1_2023,IAH1,2023,Crawfordsville,,NOT_AVAILABLE,41.200821,-91.495311,1,False,PLANTING_DATE_NOT_AVAILABLE_IN_ALLOWLISTED_2023_FIELD_METADATA,False,False,PLANTING_THROUGH_30_DAP_ONLY,False
IAH2_2023,IAH2,2023,Carroll,,NOT_AVAILABLE,42.06428,-94.721102,1,False,PLANTING_DATE_NOT_AVAILABLE_IN_ALLOWLISTED_2023_FIELD_METADATA,False,False,PLANTING_THROUGH_30_DAP_ONLY,False
IAH3_2023,IAH3,2023,Keystone,,NOT_AVAILABLE,41.975829,-92.24096,1,False,PLANTING_DATE_NOT_AVAILABLE_IN_ALLOWLISTED_2023_FIELD_METADATA,False,False,PLANTING_THROUGH_30_DAP_ONLY,False
IAH4_2023,IAH4,2023,Ames,,NOT_AVAILABLE,41.997499,-93.696206,1,False,PLANTING_DATE_NOT_AVAILABLE_IN_ALLOWLISTED_2023_FIELD_METADATA,False,False,PLANTING_THROUGH_30_DAP_ONLY,False
ILH1_2023,ILH1,2023,Champaign,,NOT_AVAILABLE,40.088772,-88.226174,1,False,PLANTING_DATE_NOT_AVAILABLE_IN_ALLOWLISTED_2023_FIELD_METADATA,False,False,PLANTING_THROUGH_30_DAP_ONLY,False
INH1_2023,INH1,2023,West Lafayette,,NOT_AVAILABLE,40.4766743,-86.9987519,1,False,PLANTING_DATE_NOT_AVAILABLE_IN_ALLOWLISTED_2023_FIELD_METADATA,False,False,PLANTING_THROUGH_30_DAP_ONLY,False
MIH1_2023,MIH1,2023,East Lansing,,NOT_AVAILABLE,42.707452,-84.469759,1,False,PLANTING_DATE_NOT_AVAILABLE_IN_ALLOWLISTED_2023_FIELD_METADATA,False,False,PLANTING_THROUGH_30_DAP_ONLY,False
MNH1_2023,MNH1,2023,Waseca,,NOT_AVAILABLE,,,1,False,PLANTING_DATE_NOT_AVAILABLE_IN_ALLOWLISTED_2023_FIELD_METADATA,False,False,PLANTING_THROUGH_30_DAP_ONLY,False
MOH1_2023,MOH1,2023,Columbia,,NOT_AVAILABLE,38.8965374,-92.2107058,1,False,PLANTING_DATE_NOT_AVAILABLE_IN_ALLOWLISTED_2023_FIELD_METADATA,False,False,PLANTING_THROUGH_30_DAP_ONLY,False
MOH2_2023,MOH2,2023,Columbia,,NOT_AVAILABLE,38.928161,-92.353779,1,False,PLANTING_DATE_NOT_AVAILABLE_IN_ALLOWLISTED_2023_FIELD_METADATA,False,False,PLANTING_THROUGH_30_DAP_ONLY,False
NCH1_2023,NCH1,2023,Clayton,,NOT_AVAILABLE,35.667078,-78.491534,1,False,PLANTING_DATE_NOT_AVAILABLE_IN_ALLOWLISTED_2023_FIELD_METADATA,False,False,PLANTING_THROUGH_30_DAP_ONLY,False
NEH1_2023,NEH1,2023,Lincoln,,NOT_AVAILABLE,40.860567,-96.59617,1,False,PLANTING_DATE_NOT_AVAILABLE_IN_ALLOWLISTED_2023_FIELD_METADATA,False,False,PLANTING_THROUGH_30_DAP_ONLY,False
NEH3_2023,NEH3,2023,North Platte,,NOT_AVAILABLE,41.086828,-100.774403,1,False,PLANTING_DATE_NOT_AVAILABLE_IN_ALLOWLISTED_2023_FIELD_METADATA,False,False,PLANTING_THROUGH_30_DAP_ONLY,False
NYH2_2023,NYH2,2023,Aurora,,NOT_AVAILABLE,42.733981,-76.656534,1,False,PLANTING_DATE_NOT_AVAILABLE_IN_ALLOWLISTED_2023_FIELD_METADATA,False,False,PLANTING_THROUGH_30_DAP_ONLY,False
NYH3_2023,NYH3,2023,Aurora,,NOT_AVAILABLE,42.733981,-76.656534,1,False,PLANTING_DATE_NOT_AVAILABLE_IN_ALLOWLISTED_2023_FIELD_METADATA,False,False,PLANTING_THROUGH_30_DAP_ONLY,False
OHH1_2023,OHH1,2023,South Charleston,,NOT_AVAILABLE,39.855872,-83.672579,1,False,PLANTING_DATE_NOT_AVAILABLE_IN_ALLOWLISTED_2023_FIELD_METADATA,False,False,PLANTING_THROUGH_30_DAP_ONLY,False
SCH1_2023,SCH1,2023,Pendleton,,NOT_AVAILABLE,34.622498,-82.737818,1,False,PLANTING_DATE_NOT_AVAILABLE_IN_ALLOWLISTED_2023_FIELD_METADATA,False,False,PLANTING_THROUGH_30_DAP_ONLY,False
TXH1_2023,TXH1,2023,College Station,,NOT_AVAILABLE,30.55068715,-96.43013246,1,False,PLANTING_DATE_NOT_AVAILABLE_IN_ALLOWLISTED_2023_FIELD_METADATA,False,False,PLANTING_THROUGH_30_DAP_ONLY,False
TXH2_2023,TXH2,2023,College Station,,NOT_AVAILABLE,30.55125619,-96.43079735,1,False,PLANTING_DATE_NOT_AVAILABLE_IN_ALLOWLISTED_2023_FIELD_METADATA,False,False,PLANTING_THROUGH_30_DAP_ONLY,False
TXH3_2023,TXH3,2023,College Station,,NOT_AVAILABLE,,,1,False,PLANTING_DATE_NOT_AVAILABLE_IN_ALLOWLISTED_2023_FIELD_METADATA,False,False,PLANTING_THROUGH_30_DAP_ONLY,False
WIH1_2023,WIH1,2023,Madison,,NOT_AVAILABLE,43.057165,-89.531077,1,False,PLANTING_DATE_NOT_AVAILABLE_IN_ALLOWLISTED_2023_FIELD_METADATA,False,False,PLANTING_THROUGH_30_DAP_ONLY,False
WIH2_2023,WIH2,2023,Arlington,,NOT_AVAILABLE,43.303969,-89.385335,1,False,PLANTING_DATE_NOT_AVAILABLE_IN_ALLOWLISTED_2023_FIELD_METADATA,False,False,PLANTING_THROUGH_30_DAP_ONLY,False
WIH3_2023,WIH3,2023,Hancock,,NOT_AVAILABLE,44.11547829,-89.54806057,1,False,PLANTING_DATE_NOT_AVAILABLE_IN_ALLOWLISTED_2023_FIELD_METADATA,False,False,PLANTING_THROUGH_30_DAP_ONLY,False
