regime,scenario,model,n,rmse,mae,r2,correlation
CV-E-continuous,efold_0,E,9347,2.890180838018599,2.270015430073993,0.04991162097749979,0.3347168655035457
CV-E-continuous,efold_0,G,9347,2.753505304475476,2.2374466376515283,0.13764555486511298,0.3962364882520789
CV-E-continuous,efold_0,G+E,9347,2.70769492343641,2.105910586454132,0.16610103875415083,0.43326055069375696
CV-E-continuous,efold_0,G+E+GxE,9347,2.586908936648264,2.0322585699786426,0.23883948083883033,0.5155665818068407
CV-E-continuous,efold_0,Mean,9347,2.99547450960525,2.407782682089833,-0.020575710338325948,3.076494853095316e-17
CV-E-continuous,efold_1,E,11664,2.98277257288184,2.5027785342755946,0.08148417463420865,0.3781270552125683
CV-E-continuous,efold_1,G,11664,3.173726661810365,2.6126080403222227,-0.03988521097628461,0.23365780096036196
CV-E-continuous,efold_1,G+E,11664,2.8977530916131093,2.406390052891551,0.1330997724601758,0.41708585839391366
CV-E-continuous,efold_1,G+E+GxE,11664,3.0972394898248226,2.501156924408474,0.009633510328272865,0.3289188090935479
CV-E-continuous,efold_1,Mean,11664,3.2808936491181053,2.7248348462592578,-0.11129834344932132,6.889830486739302e-17
CV-E-continuous,efold_2,E,9139,2.804214569065657,2.2176362649964436,-0.0017383890906046418,0.24322729547033356
CV-E-continuous,efold_2,G,9139,2.786130684586263,2.255279005834809,0.011140019182627192,0.23670377447008512
CV-E-continuous,efold_2,G+E,9139,2.9378075957331555,2.3662099908766883,-0.09945772087640226,0.22228018259306015
CV-E-continuous,efold_2,G+E+GxE,9139,3.013172214708669,2.3838986404484213,-0.15659082484417186,0.21450628298094415
CV-E-continuous,efold_2,Mean,9139,2.8456215431007466,2.2342136266152672,-0.03154009872086849,
CV-E-continuous,efold_3,E,10509,2.4990583643089996,2.0058780714350153,-0.08384902563644303,0.16752965584321702
CV-E-continuous,efold_3,G,10509,2.173072142345614,1.6873999407648403,0.18047108271662204,0.4590289420693201
CV-E-continuous,efold_3,G+E,10509,2.3052866146005324,1.8414095788559848,0.07771350198699067,0.356275457514898
CV-E-continuous,efold_3,G+E+GxE,10509,2.2698259674879635,1.8155108900452583,0.10586907923159061,0.415395588578515
CV-E-continuous,efold_3,Mean,10509,2.4395674681724757,1.8890531994269288,-0.03286047957553806,
CV-E-continuous,efold_4,E,11508,2.266428292857589,1.8096733249559374,0.10261642322279119,0.38414223208008774
CV-E-continuous,efold_4,G,11508,2.428971902486139,1.959934927605722,-0.03071627401674415,0.15011944044366982
CV-E-continuous,efold_4,G+E,11508,2.376855766841823,1.9144351577081768,0.013039417349199778,0.33901770859193125
CV-E-continuous,efold_4,G+E+GxE,11508,2.348460750222813,1.855312492908204,0.036479934153039295,0.5096072166001681
CV-E-continuous,efold_4,Mean,11508,2.3966442102044954,1.9427249158662323,-0.003462815397884178,-2.9110289584555255e-16
CV-GE-continuous,efold_0__gfold_0,E,1801,2.825567773119056,2.2059194882313657,0.06255135984467197,0.34095261852597913
CV-GE-continuous,efold_0__gfold_0,G,1801,2.715925954336809,2.178573819153941,0.13389234518531967,0.38755271762876675
CV-GE-continuous,efold_0__gfold_0,G+E,1801,2.658976184887023,2.046015032853518,0.16983404047479522,0.4336728562491596
CV-GE-continuous,efold_0__gfold_0,G+E+GxE,1801,2.5452547652572823,1.9869065371491865,0.23932604830602922,0.5162706013141797
CV-GE-continuous,efold_0__gfold_0,Mean,1801,2.9419275545554555,2.3392067461411377,-0.016248632340189806,
CV-GE-continuous,efold_0__gfold_1,E,1979,2.865468278311622,2.2321975655944395,0.07394825601475363,0.34837670441187324
CV-GE-continuous,efold_0__gfold_1,G,1979,2.7703939580508443,2.261676361663394,0.13438034981733327,0.3902490061371409
CV-GE-continuous,efold_0__gfold_1,G+E,1979,2.697416876457675,2.097501659442292,0.17938361415586113,0.4413630293094072
CV-GE-continuous,efold_0__gfold_1,G+E+GxE,1979,2.572681995400434,2.0169684906516,0.25352329705502885,0.5249465122437574
CV-GE-continuous,efold_0__gfold_1,Mean,1979,3.0011463398169216,2.420568637854932,-0.015823812849051322,
CV-GE-continuous,efold_0__gfold_2,E,1911,2.9362744245258185,2.317503060007799,0.008898233001742306,0.32901184190958416
CV-GE-continuous,efold_0__gfold_2,G,1911,2.775927937411124,2.264340591998837,0.11418844496948066,0.34744358780621315
CV-GE-continuous,efold_0__gfold_2,G+E,1911,2.7554289578658824,2.149750494226297,0.12722278027135303,0.3972143493766101
CV-GE-continuous,efold_0__gfold_2,G+E+GxE,1911,2.6502165247885157,2.099717939365838,0.1926019784047608,0.4738236444041089
CV-GE-continuous,efold_0__gfold_2,Mean,1911,3.0061981619770703,2.41811401466693,-0.038867537329793755,5.042570641017778e-17
CV-GE-continuous,efold_0__gfold_3,E,1811,2.8945053395428832,2.281920931719843,0.05570781933955127,0.3376005105353034
CV-GE-continuous,efold_0__gfold_3,G,1811,2.765310222178099,2.2541489443162277,0.13812278140781253,0.40422867721384237
CV-GE-continuous,efold_0__gfold_3,G+E,1811,2.7382895296352965,2.14428559233898,0.1548838229157561,0.42621058728515493
CV-GE-continuous,efold_0__gfold_3,G+E+GxE,1811,2.6080629978706176,2.0533593554412737,0.23335582799749954,0.5141031654869479
CV-GE-continuous,efold_0__gfold_3,Mean,1811,3.0055558629329933,2.4242669543355975,-0.018139512714068218,-4.215029063077616e-17
CV-GE-continuous,efold_0__gfold_4,E,1845,2.931074531287187,2.317252290698352,0.04263673834664006,0.3176754834660029
CV-GE-continuous,efold_0__gfold_4,G,1845,2.763774238929348,2.2477289375418503,0.1488067657739498,0.4191292731350791
CV-GE-continuous,efold_0__gfold_4,G+E,1845,2.714265093723638,2.1146828776661852,0.1790294899992375,0.4485861317463395
CV-GE-continuous,efold_0__gfold_4,G+E+GxE,1845,2.582142618115037,2.025764251710623,0.25700911562237194,0.5335887375182298
CV-GE-continuous,efold_0__gfold_4,Mean,1845,3.0216220667855374,2.4350071301395473,-0.017427146170122088,2.0569575681284877e-17
CV-GE-continuous,efold_1__gfold_0,E,2260,2.9508897708504165,2.4819904282691327,0.06868750756349573,0.38459541147997023
CV-GE-continuous,efold_1__gfold_0,G,2260,3.132389014562328,2.5929114976470107,-0.04939946653165683,0.22802066588625378
CV-GE-continuous,efold_1__gfold_0,G+E,2260,2.8696298564453877,2.389230597789085,0.11927318533425368,0.40925831469464685
CV-GE-continuous,efold_1__gfold_0,G+E+GxE,2260,3.0858588607370776,2.491936060276055,-0.018454360643882506,0.31027197273845153
CV-GE-continuous,efold_1__gfold_0,Mean,2260,3.252323026643658,2.7087419458191855,-0.13129743549939565,
CV-GE-continuous,efold_1__gfold_1,E,2468,3.05884511811866,2.5779605499049443,0.10458317002056683,0.3955208979687138
CV-GE-continuous,efold_1__gfold_1,G,2468,3.2861285364808164,2.714826680623382,-0.033425971346231265,0.2174312693775571
CV-GE-continuous,efold_1__gfold_1,G+E,2468,2.9912620103631586,2.4959908184394273,0.14371331900440498,0.421803975126678
CV-GE-continuous,efold_1__gfold_1,G+E+GxE,2468,3.1500274090774387,2.55313725304194,0.05040385358746069,0.33871464238772875
CV-GE-continuous,efold_1__gfold_1,Mean,2468,3.3675090638816054,2.8064765770805917,-0.08524507791615932,
CV-GE-continuous,efold_1__gfold_2,E,2193,2.903962329272244,2.407916635400125,0.09435602759549433,0.3671662714783242
CV-GE-continuous,efold_1__gfold_2,G,2193,3.092555537167353,2.531475356063238,-0.027094868665485494,0.24871751907617598
CV-GE-continuous,efold_1__gfold_2,G+E,2193,2.836166599791654,2.335955688273435,0.136148641003923,0.412833764088623
CV-GE-continuous,efold_1__gfold_2,G+E+GxE,2193,3.021850273236853,2.43637375975239,0.01933329977439968,0.3381627222222702
CV-GE-continuous,efold_1__gfold_2,Mean,2193,3.1754980784155684,2.6251569344070185,-0.08292717709379249,-2.2191447456820241e-16
CV-GE-continuous,efold_1__gfold_3,E,2370,2.977178324641222,2.503956328007517,0.0726881974019421,0.3702814192626205
CV-GE-continuous,efold_1__gfold_3,G,2370,3.14849280732705,2.5855608588775794,-0.03710207101911278,0.23581471741748974
CV-GE-continuous,efold_1__gfold_3,G+E,2370,2.876983879773318,2.391887322679775,0.13405372682604977,0.41927549809797243
CV-GE-continuous,efold_1__gfold_3,G+E+GxE,2370,3.066045027995623,2.4794667869290468,0.016502754863699676,0.33273658289186936
CV-GE-continuous,efold_1__gfold_3,Mean,2370,3.270847923173298,2.709772731176893,-0.11927497802867149,
CV-GE-continuous,efold_1__gfold_4,E,2373,3.012798250415761,2.532262481379694,0.05832068704942528,0.37012713982020673
CV-GE-continuous,efold_1__gfold_4,G,2373,3.2088441009006825,2.6421903859509475,-0.0682186706139607,0.22199963888949054
CV-GE-continuous,efold_1__gfold_4,G+E,2373,2.9162774253467756,2.4265008757527307,0.11769122007724064,0.4114093153838563
CV-GE-continuous,efold_1__gfold_4,G+E+GxE,2373,3.1447056033455225,2.535395350433103,-0.025942256528693308,0.32093136942367056
CV-GE-continuous,efold_1__gfold_4,Mean,2373,3.324982396151128,2.764667347138637,-0.1469424568825788,1.8324305808839154e-16
CV-GE-continuous,efold_2__gfold_0,E,1821,2.775261761444019,2.1970859909070675,0.010893766182013986,0.25280741018783814
CV-GE-continuous,efold_2__gfold_0,G,1821,2.7869080012021064,2.266080691345217,0.002574883461258004,0.22243299646197986
CV-GE-continuous,efold_2__gfold_0,G+E,1821,2.9361991200474837,2.3760817770626486,-0.10714892742190818,0.2131554416238912
CV-GE-continuous,efold_2__gfold_0,G+E+GxE,1821,3.0195692536911736,2.398493270022339,-0.170914069574843,0.2011367111100109
CV-GE-continuous,efold_2__gfold_0,Mean,1821,2.827153804434447,2.212376906594412,-0.026440801306808037,2.4609933686487415e-16
CV-GE-continuous,efold_2__gfold_1,E,1902,2.817155295786432,2.225540362849776,-0.05801355764281846,0.2072277606494493
CV-GE-continuous,efold_2__gfold_1,G,1902,2.751717126426297,2.2225783780781474,-0.009432376811504106,0.2298841616693183
CV-GE-continuous,efold_2__gfold_1,G+E,1902,2.9484099783301665,2.3690178182260873,-0.15889850131077998,0.19835468129287206
CV-GE-continuous,efold_2__gfold_1,G+E+GxE,1902,2.995832201832791,2.359489391246831,-0.19647774754577596,0.21143390123185027
CV-GE-continuous,efold_2__gfold_1,Mean,1902,2.8062672521384,2.2103157343284767,-0.04985111339856485,
CV-GE-continuous,efold_2__gfold_2,E,1742,2.8030704698645215,2.206371919244506,0.022692527894774828,0.2683194398226188
CV-GE-continuous,efold_2__gfold_2,G,1742,2.7911541299574765,2.2446447736414625,0.030984273481503344,0.2514223769654075
CV-GE-continuous,efold_2__gfold_2,G+E,1742,2.9315450756378323,2.3437914148180106,-0.06894741044084096,0.24017090850892617
CV-GE-continuous,efold_2__gfold_2,G+E+GxE,1742,2.995294176140054,2.3813981893625553,-0.11594335649291687,0.2325329156250314
CV-GE-continuous,efold_2__gfold_2,Mean,1742,2.8841160142688054,2.2482386205579976,-0.03463850943999147,8.055855611564885e-16
CV-GE-continuous,efold_2__gfold_3,E,1827,2.7964686615937335,2.2228272659581,0.026777238557501137,0.266031971560493
CV-GE-continuous,efold_2__gfold_3,G,1827,2.8344154993298973,2.302694398285763,0.00018563501370860713,0.21932560582986727
CV-GE-continuous,efold_2__gfold_3,G+E,1827,2.9397150818998465,2.3805992806887986,-0.07548120451741624,0.23342859044437117
CV-GE-continuous,efold_2__gfold_3,G+E+GxE,1827,3.0059499269556973,2.378041153072722,-0.1244905954270521,0.2213335902492846
CV-GE-continuous,efold_2__gfold_3,Mean,1827,2.8711984376535185,2.27006983941644,-0.02593243881633356,-1.4268593573671052e-16
CV-GE-continuous,efold_2__gfold_4,E,1847,2.823864933017009,2.2325113079254897,-0.010436265333254147,0.22757518382355627
CV-GE-continuous,efold_2__gfold_4,G,1847,2.7880071334616114,2.255602188680743,0.015062108343694702,0.23892157580935053
CV-GE-continuous,efold_2__gfold_4,G+E,1847,2.9392048080013633,2.365819784113959,-0.09466386724331843,0.2201765879800225
CV-GE-continuous,efold_2__gfold_4,G+E+GxE,1847,3.0342630044733196,2.40153626840088,-0.16661492491744956,0.2030793018982759
CV-GE-continuous,efold_2__gfold_4,Mean,1847,2.8425076463783303,2.230995408993752,-0.02382178799516299,
CV-GE-continuous,efold_3__gfold_0,E,2066,2.4890080768983265,1.9917706037752996,-0.05293216984157878,0.19277392757414208
CV-GE-continuous,efold_3__gfold_0,G,2066,2.1935924971935634,1.6910107144473814,0.18217630946669028,0.47355073338322307
CV-GE-continuous,efold_3__gfold_0,G+E,2066,2.3007119742373745,1.8365869465510636,0.10035268417446574,0.37743954617316156
CV-GE-continuous,efold_3__gfold_0,G+E+GxE,2066,2.1982869832198153,1.7532707308293118,0.17867213075015442,0.4662475687950926
CV-GE-continuous,efold_3__gfold_0,Mean,2066,2.4660176412761383,1.8911052540257887,-0.033570585328514424,
CV-GE-continuous,efold_3__gfold_1,E,2121,2.4705262153149805,1.983599109272912,-0.08890727581521651,0.17457246629273007
CV-GE-continuous,efold_3__gfold_1,G,2121,2.1629208243112377,1.6827411896445539,0.16537150021088787,0.4412766037826423
CV-GE-continuous,efold_3__gfold_1,G+E,2121,2.287581719943649,1.8271720104782774,0.06639063111280274,0.35141607996056734
CV-GE-continuous,efold_3__gfold_1,G+E+GxE,2121,2.2823654566561635,1.8213271471152548,0.07064350642967909,0.39377236846212466
CV-GE-continuous,efold_3__gfold_1,Mean,2121,2.4181819403627838,1.8818548294478767,-0.04325365087761934,
CV-GE-continuous,efold_3__gfold_2,E,2068,2.509616321552185,2.0074434157940457,-0.1114263537274891,0.16932388795664918
CV-GE-continuous,efold_3__gfold_2,G,2068,2.189910341842832,1.6901244619573048,0.15371099385372422,0.45044849420463756
CV-GE-continuous,efold_3__gfold_2,G+E,2068,2.3127663423876874,1.8343327635086188,0.05609226083684149,0.36331324498542067
CV-GE-continuous,efold_3__gfold_2,G+E+GxE,2068,2.236693700255882,1.7766722721483452,0.11716598248145038,0.42390313713236333
CV-GE-continuous,efold_3__gfold_2,Mean,2068,2.46573921072568,1.887242306373836,-0.07290263766760074,3.1753775151232637e-16
CV-GE-continuous,efold_3__gfold_3,E,2144,2.539462599848937,2.046380489594199,-0.09400249061339738,0.1485691763183736
CV-GE-continuous,efold_3__gfold_3,G,2144,2.1963587719826205,1.7250227533604863,0.1816459531514727,0.4586921769116301
CV-GE-continuous,efold_3__gfold_3,G+E,2144,2.3440055899809935,1.8760859508092036,0.06792264976328743,0.3404330325604868
CV-GE-continuous,efold_3__gfold_3,G+E+GxE,2144,2.2813234144821495,1.8245582033596963,0.11710636819208109,0.41224997930667745
CV-GE-continuous,efold_3__gfold_3,Mean,2144,2.4568822134503803,1.9343638642181111,-0.02400797991864101,
CV-GE-continuous,efold_3__gfold_4,E,2110,2.4911415809845843,2.0051654596601263,-0.0919931713173745,0.15228743475512263
CV-GE-continuous,efold_3__gfold_4,G,2110,2.150776732167892,1.6716134245968837,0.186019951781086,0.4450823670850872
CV-GE-continuous,efold_3__gfold_4,G+E,2110,2.297290097024334,1.8457608663378786,0.07134418649803242,0.33427606217678635
CV-GE-continuous,efold_3__gfold_4,G+E+GxE,2110,2.353435022914897,1.8781307216997056,0.025397490687030455,0.37044987040313826
CV-GE-continuous,efold_3__gfold_4,Mean,2110,2.394441212569792,1.8523142665925179,-0.008861290361738217,
CV-GE-continuous,efold_4__gfold_0,E,2302,2.210741783884484,1.7718936899691158,0.11836614072533935,0.40092622158150226
CV-GE-continuous,efold_4__gfold_0,G,2302,2.405990943843951,1.9470337545272496,-0.044239695348756713,0.13148136623601947
CV-GE-continuous,efold_4__gfold_0,G+E,2302,2.3476529180045675,1.8911607307387952,0.005785707179766009,0.34010796409133803
CV-GE-continuous,efold_4__gfold_0,G+E+GxE,2302,2.336289813460106,1.8519437615871275,0.015386802922278453,0.5067105267748323
CV-GE-continuous,efold_4__gfold_0,Mean,2302,2.3593456144786713,1.9175862509388613,-0.004142502957412031,1.2585261050845437e-16
CV-GE-continuous,efold_4__gfold_1,E,2404,2.252832303167205,1.7872524296217693,0.11432085382419144,0.3852150187774814
CV-GE-continuous,efold_4__gfold_1,G,2404,2.429472190218965,1.9702435661521154,-0.03001263866839876,0.14774175939741255
CV-GE-continuous,efold_4__gfold_1,G+E,2404,2.343334425552662,1.8791295891435342,0.04173145024328917,0.3510743789238023
CV-GE-continuous,efold_4__gfold_1,G+E+GxE,2404,2.3700992891024977,1.8617359474086268,0.019716326695487285,0.49397450085437256
CV-GE-continuous,efold_4__gfold_1,Mean,2404,2.40045229062305,1.9496064989729343,-0.005552724131150599,
CV-GE-continuous,efold_4__gfold_2,E,2141,2.2991719658981804,1.847645765968086,0.10342895651231498,0.4010669348955889
CV-GE-continuous,efold_4__gfold_2,G,2141,2.506354904003294,2.019598796773999,-0.06543493561865632,0.11866036897450785
CV-GE-continuous,efold_4__gfold_2,G+E,2141,2.426281635399841,1.975236034280501,0.001554831819424951,0.33002129203430697
CV-GE-continuous,efold_4__gfold_2,G+E+GxE,2141,2.345215199053882,1.8516341998733497,0.06715991939663135,0.5211997863302267
CV-GE-continuous,efold_4__gfold_2,Mean,2141,2.4282104138800795,1.9605925431423117,-3.32319713103324e-05,
CV-GE-continuous,efold_4__gfold_3,E,2345,2.2959719831729997,1.8371812135725316,0.051800586767652756,0.341179338224773
CV-GE-continuous,efold_4__gfold_3,G,2345,2.385837075055512,1.9157668497615836,-0.023877689931390167,0.16338938618783064
CV-GE-continuous,efold_4__gfold_3,G+E,2345,2.4104017339024657,1.9388852350827528,-0.04506998780549232,0.3059262122234189
CV-GE-continuous,efold_4__gfold_3,G+E+GxE,2345,2.393066824817378,1.891391246239506,-0.030092359991281237,0.49090875423348146
CV-GE-continuous,efold_4__gfold_3,Mean,2345,2.3613694915863013,1.910318580256439,-0.0029849344256445143,-1.1565731957524108e-16
CV-GE-continuous,efold_4__gfold_4,E,2316,2.275708330739607,1.8089465890717118,0.1207394877277358,0.39320634062390547
CV-GE-continuous,efold_4__gfold_4,G,2316,2.435542014364993,1.961695165570564,-0.007107017719460318,0.17322204564040228
CV-GE-continuous,efold_4__gfold_4,G+E,2316,2.3755609532368926,1.9059207960745301,0.04188701265427852,0.3534073667007226
CV-GE-continuous,efold_4__gfold_4,G+E+GxE,2316,2.320777674098042,1.8381936979552818,0.08556793485565262,0.5213720806764672
CV-GE-continuous,efold_4__gfold_4,Mean,2316,2.437102930786866,1.9777987717161023,-0.008398322584321827,
