environment_a,environment_b,n_common_genotypes,n_common_unordered_genotype_pairs,mean_prediction_offset_a_minus_b,environment_offset_sd_across_common_genotypes,max_abs_pairwise_contrast_deviation,max_abs_centered_prediction_deviation,local_max_float32_ulp,max_pairwise_deviation_in_local_float32_ulp,float32_four_term_ulp_budget,float32_implementation_bound,invariant_within_csv_only_precision,consistent_with_float32_implementation,uses_target_outcomes
DEH1_2024,GAH1_2024,15,105,1.1129512151066665,3.9759115576125467e-07,1.4305100011213767e-06,8.900966648184294e-07,9.5367431640625e-07,1.4999984549358487,4.0,3.824697265625e-06,False,True,False
DEH1_2024,GAH2_2024,15,105,0.16158466338933325,3.948586187715674e-07,9.53680000748136e-07,7.629393330432777e-07,9.5367431640625e-07,1.0000059604644775,4.0,3.824697265625e-06,False,True,False
DEH1_2024,IAH2_2024,37,666,-0.1437899099772974,4.6155524054690435e-07,9.53800000758065e-07,6.18677294283998e-07,9.5367431640625e-07,1.0001317895948887,4.0,3.824697265625e-06,False,True,False
DEH1_2024,IAH4_2024,40,780,-0.17328436373749995,3.6697605935696617e-07,9.53800000758065e-07,7.868374982678006e-07,9.5367431640625e-07,1.0001317895948887,4.0,3.824697265625e-06,False,True,False
DEH1_2024,ILH1_2024,37,666,-0.14313963297702717,3.980095166208974e-07,9.537000025261477e-07,7.47477026052934e-07,9.5367431640625e-07,1.0000269338488579,4.0,3.824697265625e-06,False,True,False
DEH1_2024,INH1_2024,42,861,-1.611546561827857,3.619233841889513e-07,1.9074000014995818e-06,9.991278560050887e-07,9.5367431640625e-07,2.0000538639724255,4.0,3.824697265625e-06,False,True,False
DEH1_2024,MIH1_2024,41,820,-0.4097147453109756,2.0797851899419644e-07,9.53800000758065e-07,9.071890243461667e-07,9.5367431640625e-07,1.0001317895948887,4.0,3.824697265625e-06,False,True,False
DEH1_2024,MOH1_2024,32,496,1.4720707833775,3.30307070986909e-07,1.4305400002356805e-06,8.643024997923021e-07,9.5367431640625e-07,1.500029911287129,4.0,3.824697265625e-06,False,True,False
DEH1_2024,NCH1_2024,46,1035,0.08485066372391302,4.654125205764479e-07,9.538000025344218e-07,6.012760884743784e-07,9.5367431640625e-07,1.0001317914575338,4.0,3.824697265625e-06,False,True,False
DEH1_2024,NEH1_2024,15,105,0.17759825388133318,4.3653425775974196e-07,9.537499998657495e-07,6.993686660905496e-07,9.5367431640625e-07,1.0000793598592281,4.0,3.824697265625e-06,False,True,False
DEH1_2024,NEH2_2024,15,105,0.20698909759266648,3.9485861858769993e-07,9.53680000748136e-07,7.629426654887084e-07,9.5367431640625e-07,1.0000059604644775,4.0,3.824697265625e-06,False,True,False
DEH1_2024,NYH2_2024,35,595,-0.10427344185685712,4.6753060560060256e-07,9.537100016387967e-07,5.994668565989514e-07,9.5367431640625e-07,1.000037418678403,4.0,3.824697265625e-06,False,True,False
DEH1_2024,NYH3_2024,39,741,-0.10427347818282047,4.5544052339076917e-07,9.537000025261477e-07,6.357828166159152e-07,9.5367431640625e-07,1.0000269338488579,4.0,3.824697265625e-06,False,True,False
DEH1_2024,OHH1_2024,15,105,-0.15026213327800012,4.365285360087226e-07,9.537099998624399e-07,6.993719985359803e-07,9.5367431640625e-07,1.0000374168157578,4.0,3.824697265625e-06,False,True,False
DEH1_2024,TXH1_2024,15,105,0.8640417734753334,4.924764825986785e-07,9.537100016387967e-07,5.086346686056231e-07,9.5367431640625e-07,1.000037418678403,4.0,3.824697265625e-06,False,True,False
DEH1_2024,WIH1_2024,36,630,-2.0147871971097215,4.835986748359527e-07,9.53800000758065e-07,4.769097223800145e-07,9.5367431640625e-07,1.0001317895948887,4.0,3.824697265625e-06,False,True,False
DEH1_2024,WIH2_2024,44,946,-0.13863513686318185,4.818504420615468e-07,9.537299998640947e-07,4.985368207144347e-07,9.5367431640625e-07,1.000058388337493,4.0,3.824697265625e-06,False,True,False
DEH1_2024,WIH3_2024,43,903,-0.18761055967906987,2.4582555439190737e-07,9.53800000758065e-07,8.871790662112744e-07,9.5367431640625e-07,1.0001317895948887,4.0,3.824697265625e-06,False,True,False
GAH1_2024,GAH2_2024,15,105,-0.9513665517173333,2.8306025400982634e-07,9.53680000748136e-07,8.265226689729843e-07,9.5367431640625e-07,1.0000059604644775,4.0,3.824697265625e-06,False,True,False
GAH1_2024,IAH2_2024,15,105,-1.256741142274,4.48764177448367e-07,9.537299980877378e-07,5.722439979649607e-07,9.5367431640625e-07,1.0000583864748478,4.0,3.824697265625e-06,False,True,False
GAH1_2024,IAH4_2024,15,105,-1.2862354914359997,4.2903406747225915e-07,9.537499998657495e-07,6.35825999850681e-07,9.5367431640625e-07,1.0000793598592281,4.0,3.824697265625e-06,False,True,False
GAH1_2024,ILH1_2024,15,105,-1.2560908635453336,3.9758510198025727e-07,9.536699998591303e-07,6.993553292033994e-07,9.5367431640625e-07,0.9999954737722874,4.0,3.824697265625e-06,False,True,False
GAH1_2024,INH1_2024,15,105,-2.724497731529333,3.975993229595965e-07,1.4305800002389901e-06,8.901193311317002e-07,9.5367431640625e-07,1.5000718543305993,4.0,3.824697265625e-06,False,True,False
GAH1_2024,MIH1_2024,15,105,-1.5226659138986667,3.975889286974605e-07,1.4305100011213767e-06,8.900886658835816e-07,9.5367431640625e-07,1.4999984549358487,4.0,3.824697265625e-06,False,True,False
GAH1_2024,MOH1_2024,15,105,0.35911951064933345,3.693555403916483e-07,1.4305099993450199e-06,8.583106634318938e-07,9.5367431640625e-07,1.4999984530732036,4.0,3.824697265625e-06,False,True,False
GAH1_2024,NCH1_2024,15,105,-1.028100585942,4.487661506926024e-07,9.537299998640947e-07,5.722119968964989e-07,9.5367431640625e-07,1.000058388337493,4.0,3.824697265625e-06,False,True,False
GAH1_2024,NEH1_2024,15,105,-0.9353529612253334,4.290287748868739e-07,9.537199989750889e-07,6.357853301608429e-07,9.5367431640625e-07,1.0000479016453028,4.0,3.824697265625e-06,False,True,False
GAH1_2024,NEH2_2024,15,105,-0.9059621175140001,2.830570450515096e-07,9.536799989717792e-07,8.265160005294092e-07,9.5367431640625e-07,1.0000059586018324,4.0,3.824697265625e-06,False,True,False
GAH1_2024,NYH2_2024,15,105,-1.2172246932993331,4.487606859873453e-07,9.53680000748136e-07,5.72209330584883e-07,9.5367431640625e-07,1.0000059604644775,4.0,3.824697265625e-06,False,True,False
GAH1_2024,NYH3_2024,15,105,-1.2172246932993331,4.487606859873453e-07,9.53680000748136e-07,5.72209330584883e-07,9.5367431640625e-07,1.0000059604644775,4.0,3.824697265625e-06,False,True,False
GAH1_2024,OHH1_2024,15,105,-1.2632133483846666,3.5133095522173425e-07,9.537200007514457e-07,7.62945335353038e-07,9.5367431640625e-07,1.000047903507948,4.0,3.824697265625e-06,False,True,False
GAH1_2024,TXH1_2024,15,105,-0.2489094416313332,4.583141223237546e-07,9.53680000748136e-07,5.086286680722196e-07,9.5367431640625e-07,1.0000059604644775,4.0,3.824697265625e-06,False,True,False
GAH1_2024,WIH1_2024,15,105,-3.127738380433334,4.4876508875635075e-07,9.537700016437611e-07,5.722566687182962e-07,9.5367431640625e-07,1.0001003332436085,4.0,3.824697265625e-06,False,True,False
GAH1_2024,WIH2_2024,15,105,-1.2515863418593332,4.487611414158418e-07,9.537099998624399e-07,5.722106664052262e-07,9.5367431640625e-07,1.0000374168157578,4.0,3.824697265625e-06,False,True,False
GAH1_2024,WIH3_2024,15,105,-1.3005617777546665,3.809082029091604e-07,1.4305400020120373e-06,8.265446638233698e-07,9.5367431640625e-07,1.500029913149774,4.0,3.824697265625e-06,False,True,False
GAH2_2024,IAH2_2024,15,105,-0.30537459055666666,4.924779580295726e-07,9.537299980877378e-07,5.086433318979289e-07,9.5367431640625e-07,1.0000583864748478,4.0,3.824697265625e-06,False,True,False
GAH2_2024,IAH4_2024,15,105,-0.33486893971866655,4.924817387341839e-07,9.537499998657495e-07,5.086686680755292e-07,9.5367431640625e-07,1.0000793598592281,4.0,3.824697265625e-06,False,True,False
GAH2_2024,ILH1_2024,15,105,-0.30472431182799997,4.835969830523122e-07,9.53680000748136e-07,5.722079983172534e-07,9.5367431640625e-07,1.0000059604644775,4.0,3.824697265625e-06,False,True,False
GAH2_2024,INH1_2024,15,105,-1.773131179812,3.9485999940433713e-07,9.537399989767437e-07,7.629619993565484e-07,9.5367431640625e-07,1.000068873167038,4.0,3.824697265625e-06,False,True,False
GAH2_2024,MIH1_2024,15,105,-0.5712993621813334,3.948562036597989e-07,9.537200007514457e-07,7.629413332210788e-07,9.5367431640625e-07,1.000047903507948,4.0,3.824697265625e-06,False,True,False
GAH2_2024,MOH1_2024,15,105,1.3104860623666668,3.543967657397725e-07,9.536800016363145e-07,7.311533334330989e-07,9.5367431640625e-07,1.0000059613958001,4.0,3.824697265625e-06,False,True,False
GAH2_2024,NCH1_2024,15,105,-0.07673403422466668,4.924798945709126e-07,9.537300016404515e-07,5.086753347427475e-07,9.5367431640625e-07,1.000058390200138,4.0,3.824697265625e-06,False,True,False
GAH2_2024,NEH1_2024,15,105,0.016013590491999945,4.924783269175979e-07,9.537299998640947e-07,5.08637999274697e-07,9.5367431640625e-07,1.000058388337493,4.0,3.824697265625e-06,False,True,False
GAH2_2024,NEH2_2024,15,105,0.045404434203333226,4.8794141188520985e-12,1.000088900582341e-11,6.66844357510854e-12,9.5367431640625e-07,1.0486692190170288e-05,4.0,3.824697265625e-06,True,True,False
GAH2_2024,NYH2_2024,15,105,-0.265858141582,4.924741770675398e-07,9.53680002524493e-07,5.086280019384049e-07,9.5367431640625e-07,1.0000059623271227,4.0,3.824697265625e-06,False,True,False
GAH2_2024,NYH3_2024,15,105,-0.265858141582,4.924741770675398e-07,9.53680002524493e-07,5.086280019384049e-07,9.5367431640625e-07,1.0000059623271227,4.0,3.824697265625e-06,False,True,False
GAH2_2024,OHH1_2024,15,105,-0.31184679666733334,4.36535505949871e-07,1.907360001496272e-06,1.0172573343680824e-06,9.5367431640625e-07,2.000011920928955,4.0,3.824697265625e-06,False,True,False
GAH2_2024,TXH1_2024,15,105,0.7024571100860001,4.653477029899694e-07,9.53680000748136e-07,6.357859998473714e-07,9.5367431640625e-07,1.0000059604644775,4.0,3.824697265625e-06,False,True,False
GAH2_2024,WIH1_2024,15,105,-2.1763718287160003,4.36540708012639e-07,9.537700016437611e-07,6.994140004934479e-07,9.5367431640625e-07,1.0001003332436085,4.0,3.824697265625e-06,False,True,False
GAH2_2024,WIH2_2024,15,105,-0.30021979014200006,4.3653228077421677e-07,9.537099998624399e-07,6.99367998180378e-07,9.5367431640625e-07,1.0000374168157578,4.0,3.824697265625e-06,False,True,False
GAH2_2024,WIH3_2024,15,105,-0.3491952260373333,4.3653966747083896e-07,9.537500016421063e-07,6.99387332048218e-07,9.5367431640625e-07,1.0000793617218733,4.0,3.824697265625e-06,False,True,False
IAH2_2024,IAH4_2024,41,820,-0.0294944716619512,3.82619899349003e-07,9.53800000758065e-07,7.67638043797092e-07,9.5367431640625e-07,1.0001317895948887,4.0,3.824697265625e-06,False,True,False
IAH2_2024,ILH1_2024,36,630,0.0006502999188889981,3.039644650906249e-07,9.53699998973434e-07,8.477188870870123e-07,9.5367431640625e-07,1.0000269301235676,4.0,3.824697265625e-06,False,True,False
IAH2_2024,INH1_2024,41,820,-1.4677567365712196,4.826216097159702e-07,9.53800000758065e-07,4.88528778319619e-07,9.5367431640625e-07,1.0001317895948887,4.0,3.824697265625e-06,False,True,False
IAH2_2024,MIH1_2024,38,703,-0.2659249807765789,4.805523357945932e-07,9.538000025344218e-07,5.270765814913148e-07,9.5367431640625e-07,1.0001317914575338,4.0,3.824697265625e-06,False,True,False
IAH2_2024,MOH1_2024,31,465,1.615860569862258,4.389261070534991e-07,9.537599989783985e-07,5.845522572656137e-07,9.5367431640625e-07,1.0000898446887732,4.0,3.824697265625e-06,False,True,False
IAH2_2024,NCH1_2024,45,990,0.22864051395000004,1.9874592653684328e-07,9.53699998973434e-07,9.112499963492837e-07,9.5367431640625e-07,1.0000269301235676,4.0,3.824697265625e-06,False,True,False
IAH2_2024,NEH1_2024,15,105,0.3213881810486666,2.4623838011759587e-07,9.537199989750889e-07,8.900986685489443e-07,9.5367431640625e-07,1.0000479016453028,4.0,3.824697265625e-06,False,True,False
IAH2_2024,NEH2_2024,15,105,0.3507790247599999,4.924761136767927e-07,9.537299980877378e-07,5.086399994524982e-07,9.5367431640625e-07,1.0000583864748478,4.0,3.824697265625e-06,False,True,False
IAH2_2024,NYH2_2024,42,861,0.039516403567142803,2.055565528123179e-07,9.537000007497909e-07,9.082671397209197e-07,9.5367431640625e-07,1.0000269319862127,4.0,3.824697265625e-06,False,True,False
IAH2_2024,NYH3_2024,38,703,0.039516373687894825,2.606176868005336e-07,9.537000007497909e-07,8.783878922002941e-07,9.5367431640625e-07,1.0000269319862127,4.0,3.824697265625e-06,False,True,False
IAH2_2024,OHH1_2024,15,105,-0.006472206110666671,4.835992369301625e-07,9.53699998973434e-07,5.722106664052262e-07,9.5367431640625e-07,1.0000269301235676,4.0,3.824697265625e-06,False,True,False
IAH2_2024,TXH1_2024,15,105,1.0078317006426667,3.355651878214836e-07,9.537100016387967e-07,8.265173345733956e-07,9.5367431640625e-07,1.000037418678403,4.0,3.824697265625e-06,False,True,False
IAH2_2024,WIH1_2024,36,630,-1.8709972699483335,3.6045111268930285e-07,9.537600025311121e-07,7.947683346998247e-07,9.5367431640625e-07,1.0000898484140635,4.0,3.824697265625e-06,False,True,False
IAH2_2024,WIH2_2024,40,780,0.005154776571000008,3.6697809163338596e-07,9.53800000758065e-07,7.868290019530377e-07,9.5367431640625e-07,1.0001317895948887,4.0,3.824697265625e-06,False,True,False
IAH2_2024,WIH3_2024,42,861,-0.04382074446595231,4.6873195055546935e-07,9.53799998981708e-07,5.904340465434643e-07,9.5367431640625e-07,1.0001317877322435,4.0,3.824697265625e-06,False,True,False
IAH4_2024,ILH1_2024,32,496,0.030144691462187623,2.422273452365936e-07,1.9073000014913077e-06,9.536621874417506e-07,9.5367431640625e-07,1.9999490063637495,4.0,3.824697265625e-06,False,True,False
IAH4_2024,INH1_2024,44,946,-1.4382622242049998,5.090156109497395e-07,1.907399999723225e-06,1.1921049978269593e-06,9.5367431640625e-07,2.0000538621097803,4.0,3.824697265625e-06,False,True,False
IAH4_2024,MIH1_2024,40,780,-0.23643047810524997,4.5236364519118507e-07,9.53800000758065e-07,6.437947508430852e-07,9.5367431640625e-07,1.0001317895948887,4.0,3.824697265625e-06,False,True,False
IAH4_2024,MOH1_2024,32,496,1.6453550159896877,3.620882073047154e-07,9.537699980910475e-07,7.450996850622005e-07,9.5367431640625e-07,1.0001003295183182,4.0,3.824697265625e-06,False,True,False
IAH4_2024,NCH1_2024,47,1081,0.2581350042378724,3.622850561996039e-07,9.537300016404515e-07,7.913621296040674e-07,9.5367431640625e-07,1.000058390200138,4.0,3.824697265625e-06,False,True,False
IAH4_2024,NEH1_2024,15,105,0.3508825302106665,3.604552691341154e-07,1.9073500006072663e-06,9.536793310616076e-07,9.5367431640625e-07,2.000001434236765,4.0,3.824697265625e-06,False,True,False
IAH4_2024,NEH2_2024,15,105,0.3802733739219998,4.924794333549436e-07,9.537499998657495e-07,5.0867200052096e-07,9.5367431640625e-07,1.0000793598592281,4.0,3.824697265625e-06,False,True,False
IAH4_2024,NYH2_2024,44,946,0.06901088627704546,3.528404210519211e-07,9.537400007531005e-07,8.01962952934332e-07,9.5367431640625e-07,1.0000688750296831,4.0,3.824697265625e-06,False,True,False
IAH4_2024,NYH3_2024,37,666,0.06901083765027033,3.002115921315029e-07,9.537400007531005e-07,8.505897284294406e-07,9.5367431640625e-07,1.0000688750296831,4.0,3.824697265625e-06,False,True,False
IAH4_2024,OHH1_2024,15,105,0.02302214305133319,4.924803550818034e-07,9.537099998624399e-07,5.086486662975176e-07,9.5367431640625e-07,1.0000374168157578,4.0,3.824697265625e-06,False,True,False
IAH4_2024,TXH1_2024,15,105,1.0373260498046666,3.9485999868579834e-07,9.537200007514457e-07,7.629453335766812e-07,9.5367431640625e-07,1.000047903507948,4.0,3.824697265625e-06,False,True,False
IAH4_2024,WIH1_2024,39,741,-1.8415028254294872,4.554315233350898e-07,9.538100016470707e-07,6.358394877281626e-07,9.5367431640625e-07,1.0001422762870789,4.0,3.824697265625e-06,False,True,False
IAH4_2024,WIH2_2024,44,946,0.034649198695454526,4.493197642035156e-07,9.53799998981708e-07,6.503045462125101e-07,9.5367431640625e-07,1.0001317877322435,4.0,3.824697265625e-06,False,True,False
IAH4_2024,WIH3_2024,45,990,-0.014326265127333294,3.687214190131874e-07,9.53799998981708e-07,7.84172666357108e-07,9.5367431640625e-07,1.0001317877322435,4.0,3.824697265625e-06,False,True,False
ILH1_2024,INH1_2024,33,528,-1.4684069373430304,4.313244803299603e-07,9.53800000758065e-07,6.936569700854989e-07,9.5367431640625e-07,1.0001317895948887,4.0,3.824697265625e-06,False,True,False
ILH1_2024,MIH1_2024,42,861,-0.2665751775161905,4.550175628385626e-07,9.537400007531005e-07,6.358238078263412e-07,9.5367431640625e-07,1.0000688750296831,4.0,3.824697265625e-06,False,True,False
ILH1_2024,MOH1_2024,41,820,1.615210323802439,3.7010229622607476e-07,1.4305100011213767e-06,7.443324392397699e-07,9.5367431640625e-07,1.4999984549358487,4.0,3.824697265625e-06,False,True,False
ILH1_2024,NCH1_2024,43,903,0.22799023916418598,2.802891080005642e-07,9.53800000758065e-07,8.650358100936728e-07,9.5367431640625e-07,1.0001317895948887,4.0,3.824697265625e-06,False,True,False
ILH1_2024,NEH1_2024,15,105,0.32073790231999993,2.4623044934068125e-07,9.53689999860785e-07,8.900699999259132e-07,9.5367431640625e-07,1.0000164452940226,4.0,3.824697265625e-06,False,True,False
ILH1_2024,NEH2_2024,15,105,0.3501287460313332,4.835955742591298e-07,9.536700016354871e-07,5.722013316500352e-07,9.5367431640625e-07,0.9999954756349325,4.0,3.824697265625e-06,False,True,False
ILH1_2024,NYH2_2024,39,741,0.03886614090923055,2.931177617264158e-07,9.537099998624399e-07,8.558907662603588e-07,9.5367431640625e-07,1.0000374168157578,4.0,3.824697265625e-06,False,True,False
ILH1_2024,NYH3_2024,36,630,0.03886609607666674,2.2154404043270718e-07,9.536699998591303e-07,9.006833341373977e-07,9.5367431640625e-07,0.9999954737722874,4.0,3.824697265625e-06,False,True,False
ILH1_2024,OHH1_2024,15,105,-0.007122484839333391,4.92469842859109e-07,9.53680000748136e-07,5.086306646973071e-07,9.5367431640625e-07,1.0000059604644775,4.0,3.824697265625e-06,False,True,False
ILH1_2024,TXH1_2024,15,105,1.007181421914,4.3652791117264506e-07,9.53680000748136e-07,6.993660015552905e-07,9.5367431640625e-07,1.0000059604644775,4.0,3.824697265625e-06,False,True,False
ILH1_2024,WIH1_2024,35,595,-1.8716475622925717,4.3711182116058873e-07,9.537700016437611e-07,6.812325725746859e-07,9.5367431640625e-07,1.0001003332436085,4.0,3.824697265625e-06,False,True,False
ILH1_2024,WIH2_2024,38,703,0.004504454762631511,4.255796628059429e-07,9.537100016387967e-07,7.027373669643566e-07,9.5367431640625e-07,1.000037418678403,4.0,3.824697265625e-06,False,True,False
ILH1_2024,WIH3_2024,45,990,-0.0444709565897778,3.68732614832494e-07,9.53799998981708e-07,7.842102220934066e-07,9.5367431640625e-07,1.0001317877322435,4.0,3.824697265625e-06,False,True,False
INH1_2024,MIH1_2024,40,780,1.20183176994275,3.015893014648373e-07,1.90737999972157e-06,1.0013372495620843e-06,9.5367431640625e-07,2.000032890588045,4.0,3.824697265625e-06,False,True,False
INH1_2024,MOH1_2024,32,496,3.0836172997925,4.439837615394004e-07,1.9074199997248797e-06,1.0431225021534374e-06,9.5367431640625e-07,2.0000748336315155,4.0,3.824697265625e-06,False,True,False
INH1_2024,NCH1_2024,49,1176,1.6963972364122448,4.768405367379062e-07,9.538200007597197e-07,5.450077580348989e-07,9.5367431640625e-07,1.0001527611166239,4.0,3.824697265625e-06,False,True,False
INH1_2024,NEH1_2024,15,105,1.789144770304,4.3654351730392555e-07,9.53809999870714e-07,6.994059997822433e-07,9.5367431640625e-07,1.0001422744244337,4.0,3.824697265625e-06,False,True,False
INH1_2024,NEH2_2024,15,105,1.818535614015333,3.948599993229774e-07,9.537499998657495e-07,7.629653318019791e-07,9.5367431640625e-07,1.0000793598592281,4.0,3.824697265625e-06,False,True,False
INH1_2024,NYH2_2024,42,861,1.5072731517676192,4.804269286491611e-07,9.53800000758065e-07,5.223323835679139e-07,9.5367431640625e-07,1.0001317895948887,4.0,3.824697265625e-06,False,True,False
INH1_2024,NYH3_2024,43,903,1.5072730530181395,4.5990849388539965e-07,9.53800000758065e-07,6.21081861496009e-07,9.5367431640625e-07,1.0001317895948887,4.0,3.824697265625e-06,False,True,False
INH1_2024,OHH1_2024,15,105,1.4612843831446667,4.365317612420982e-07,9.537399989767437e-07,6.993846639602452e-07,9.5367431640625e-07,1.000068873167038,4.0,3.824697265625e-06,False,True,False
INH1_2024,TXH1_2024,15,105,2.475588289898,4.924835832153172e-07,9.537699998674043e-07,5.0867200052096e-07,9.5367431640625e-07,1.0001003313809633,4.0,3.824697265625e-06,False,True,False
INH1_2024,WIH1_2024,39,741,-0.40324061956564095,4.7908947381598e-07,9.53800000758065e-07,5.380343583993863e-07,9.5367431640625e-07,1.0001317895948887,4.0,3.824697265625e-06,False,True,False
INH1_2024,WIH2_2024,46,1035,1.472911461540435,4.7057844541073283e-07,9.53800000758065e-07,5.80540435279886e-07,9.5367431640625e-07,1.0001317895948887,4.0,3.824697265625e-06,False,True,False
INH1_2024,WIH3_2024,45,990,1.4239359537775556,3.7491922765206526e-07,1.907409998835874e-06,1.0172775528616285e-06,9.5367431640625e-07,2.0000643469393253,4.0,3.824697265625e-06,False,True,False
MIH1_2024,MOH1_2024,31,465,1.8817855158216126,3.6869015525959133e-07,1.430550000236508e-06,8.306583918482602e-07,9.5367431640625e-07,1.5000403970479965,4.0,3.824697265625e-06,False,True,False
MIH1_2024,NCH1_2024,52,1326,0.49456548691307695,4.814945395944116e-07,9.538000025344218e-07,4.769130761417273e-07,9.5367431640625e-07,1.0001317914575338,4.0,3.824697265625e-06,False,True,False
MIH1_2024,NEH1_2024,15,105,0.5873129526733333,4.3652676781170816e-07,9.537400007531005e-07,6.993666659127484e-07,9.5367431640625e-07,1.0000688750296831,4.0,3.824697265625e-06,False,True,False
MIH1_2024,NEH2_2024,15,105,0.6167037963846665,3.9485620347593005e-07,9.537100016387967e-07,7.629346665538606e-07,9.5367431640625e-07,1.000037418678403,4.0,3.824697265625e-06,False,True,False
MIH1_2024,NYH2_2024,42,861,0.3054413568507143,4.820649869184249e-07,9.537299998640947e-07,4.995792863837778e-07,9.5367431640625e-07,1.000058388337493,4.0,3.824697265625e-06,False,True,False
MIH1_2024,NYH3_2024,41,820,0.30544129814731696,4.7567137388975425e-07,9.537299998640947e-07,5.582826805294872e-07,9.5367431640625e-07,1.000058388337493,4.0,3.824697265625e-06,False,True,False
MIH1_2024,OHH1_2024,15,105,0.259452565514,4.365204214750982e-07,9.53680000748136e-07,6.993639996011325e-07,9.5367431640625e-07,1.0000059604644775,4.0,3.824697265625e-06,False,True,False
MIH1_2024,TXH1_2024,15,105,1.2737564722673331,4.924690132231157e-07,9.537000007497909e-07,5.086326666514651e-07,9.5367431640625e-07,1.0000269319862127,4.0,3.824697265625e-06,False,True,False
MIH1_2024,WIH1_2024,38,703,-1.605072347736842,4.585168328332717e-07,9.538100016470707e-07,6.274731578770343e-07,9.5367431640625e-07,1.0001422762870789,4.0,3.824697265625e-06,False,True,False
MIH1_2024,WIH2_2024,44,946,0.2710796052761363,4.77835801017956e-07,9.537400007531005e-07,5.418761368503056e-07,9.5367431640625e-07,1.0000688750296831,4.0,3.824697265625e-06,False,True,False
MIH1_2024,WIH3_2024,46,1035,0.22210417623652173,3.0011695134235703e-07,9.538000025344218e-07,8.500634791630546e-07,9.5367431640625e-07,1.0001317914575338,4.0,3.824697265625e-06,False,True,False
MOH1_2024,NCH1_2024,32,496,-1.3872199952615627,4.4398707412961126e-07,9.537699998674043e-07,5.662915611992503e-07,9.5367431640625e-07,1.0001003313809633,4.0,3.824697265625e-06,False,True,False
MOH1_2024,NEH1_2024,15,105,-1.294472471874667,3.543986237679239e-07,9.537199989750889e-07,7.311546657007284e-07,9.5367431640625e-07,1.0000479016453028,4.0,3.824697265625e-06,False,True,False
MOH1_2024,NEH2_2024,15,105,-1.2650816281633335,3.5439612488736243e-07,9.536800016363145e-07,7.311566658785296e-07,9.5367431640625e-07,1.0000059613958001,4.0,3.824697265625e-06,False,True,False
MOH1_2024,NYH2_2024,33,528,-1.5763441432603034,4.3429994999955514e-07,9.537400007531005e-07,6.069103033468082e-07,9.5367431640625e-07,1.0000688750296831,4.0,3.824697265625e-06,False,True,False
MOH1_2024,NYH3_2024,31,465,-1.5763441208874196,4.3892371226149345e-07,9.537400007531005e-07,5.845374193569342e-07,9.5367431640625e-07,1.0000688750296831,4.0,3.824697265625e-06,False,True,False
MOH1_2024,OHH1_2024,15,105,-1.6223328590340003,4.699721129007196e-07,1.4305200002340257e-06,7.629340013082242e-07,9.5367431640625e-07,1.5000089397653937,4.0,3.824697265625e-06,False,True,False
MOH1_2024,TXH1_2024,15,105,-0.6080289522806667,4.3653186447003027e-07,9.53680000748136e-07,5.404206682158019e-07,9.5367431640625e-07,1.0000059604644775,4.0,3.824697265625e-06,False,True,False
MOH1_2024,WIH1_2024,30,435,-3.486857922871667,4.503367739825067e-07,9.537700016437611e-07,5.08671668342231e-07,9.5367431640625e-07,1.0001003332436085,4.0,3.824697265625e-06,False,True,False
MOH1_2024,WIH2_2024,31,465,-1.6107058371303227,4.520963940001389e-07,9.537499998657495e-07,4.922596783529798e-07,9.5367431640625e-07,1.0000793598592281,4.0,3.824697265625e-06,False,True,False
MOH1_2024,WIH3_2024,35,595,-1.6596813201874288,2.3129531239500177e-07,1.430480000230716e-06,9.536425711331731e-07,9.5367431640625e-07,1.4999669967219234,4.0,3.824697265625e-06,False,True,False
NCH1_2024,NEH1_2024,15,105,0.09274762471666662,2.462378261122186e-07,9.53680000748136e-07,8.900966665947863e-07,9.5367431640625e-07,1.0000059604644775,4.0,3.824697265625e-06,False,True,False
NCH1_2024,NEH2_2024,15,105,0.1221384684279999,4.924780502108804e-07,9.537300016404515e-07,5.086720022973168e-07,9.5367431640625e-07,1.000058390200138,4.0,3.824697265625e-06,False,True,False
NCH1_2024,NYH2_2024,47,1081,-0.1891241276448936,1.3910348791401294e-07,9.53699998973434e-07,9.333551052037592e-07,9.5367431640625e-07,1.0000269301235676,4.0,3.824697265625e-06,False,True,False
NCH1_2024,NYH3_2024,47,1081,-0.18912412764787226,1.3910304427709902e-07,9.53699998973434e-07,9.333521280296964e-07,9.5367431640625e-07,1.0000269301235676,4.0,3.824697265625e-06,False,True,False
NCH1_2024,OHH1_2024,15,105,-0.23511276244266668,4.836023355298836e-07,9.537300016404515e-07,5.722426692500449e-07,9.5367431640625e-07,1.000058390200138,4.0,3.824697265625e-06,False,True,False
NCH1_2024,TXH1_2024,15,105,0.7791911443106668,3.355639697665782e-07,9.53680000748136e-07,8.265193347511968e-07,9.5367431640625e-07,1.0000059604644775,4.0,3.824697265625e-06,False,True,False
NCH1_2024,WIH1_2024,42,861,-2.0996378489950005,3.3775544112090443e-07,9.53790001645416e-07,8.174849988051847e-07,9.5367431640625e-07,1.0001213047653437,4.0,3.824697265625e-06,False,True,False
NCH1_2024,WIH2_2024,52,1326,-0.22348578159346152,3.643077508231326e-07,9.53800000758065e-07,7.886934625389586e-07,9.5367431640625e-07,1.0001317895948887,4.0,3.824697265625e-06,False,True,False
NCH1_2024,WIH3_2024,53,1378,-0.2724612793820754,4.61719527256213e-07,9.537500016421063e-07,6.118179278757907e-07,9.5367431640625e-07,1.0000793617218733,4.0,3.824697265625e-06,False,True,False
NEH1_2024,NEH2_2024,15,105,0.029390843711333284,4.924774045880839e-07,9.537200007514457e-07,5.086313326074787e-07,9.5367431640625e-07,1.000047903507948,4.0,3.824697265625e-06,False,True,False
NEH1_2024,NYH2_2024,15,105,-0.28187173207399996,2.462370889468676e-07,9.53689999860785e-07,8.900940002831703e-07,9.5367431640625e-07,1.0000164452940226,4.0,3.824697265625e-06,False,True,False
NEH1_2024,NYH3_2024,15,105,-0.28187173207399996,2.462370889468676e-07,9.53689999860785e-07,8.900940002831703e-07,9.5367431640625e-07,1.0000164452940226,4.0,3.824697265625e-06,False,True,False
NEH1_2024,OHH1_2024,15,105,-0.3278603871593333,4.92474084965898e-07,9.537200007514457e-07,5.08659335096695e-07,9.5367431640625e-07,1.000047903507948,4.0,3.824697265625e-06,False,True,False
NEH1_2024,TXH1_2024,15,105,0.6864435195940002,3.948568936464749e-07,9.53680000748136e-07,7.629360023742038e-07,9.5367431640625e-07,1.0000059604644775,4.0,3.824697265625e-06,False,True,False
NEH1_2024,WIH1_2024,15,105,-2.192385419208,4.3653072122411457e-07,9.537600025311121e-07,6.993980026237523e-07,9.5367431640625e-07,1.0000898484140635,4.0,3.824697265625e-06,False,True,False
NEH1_2024,WIH2_2024,15,105,-0.316233380634,4.365453890450795e-07,9.53789999869059e-07,6.994340022714596e-07,9.5367431640625e-07,1.0001213029026985,4.0,3.824697265625e-06,False,True,False
NEH1_2024,WIH3_2024,15,105,-0.3652088165293332,3.94862758815616e-07,9.537200007514457e-07,7.629606670889189e-07,9.5367431640625e-07,1.000047903507948,4.0,3.824697265625e-06,False,True,False
NEH2_2024,NYH2_2024,15,105,-0.31126257578533323,4.924723327054336e-07,9.53680000748136e-07,5.086246694929741e-07,9.5367431640625e-07,1.0000059604644775,4.0,3.824697265625e-06,False,True,False
NEH2_2024,NYH3_2024,15,105,-0.31126257578533323,4.924723327054336e-07,9.53680000748136e-07,5.086246694929741e-07,9.5367431640625e-07,1.0000059604644775,4.0,3.824697265625e-06,False,True,False
NEH2_2024,OHH1_2024,15,105,-0.35725123087066657,4.3653342522860576e-07,1.9073500006072663e-06,1.0172506659245073e-06,9.5367431640625e-07,2.000001434236765,4.0,3.824697265625e-06,False,True,False
NEH2_2024,TXH1_2024,15,105,0.6570526758826669,4.6534526329443484e-07,9.53680000748136e-07,6.357826674019407e-07,9.5367431640625e-07,1.0000059604644775,4.0,3.824697265625e-06,False,True,False
NEH2_2024,WIH1_2024,15,105,-2.2217762629193336,4.365386273952184e-07,9.537700016437611e-07,6.994106680480172e-07,9.5367431640625e-07,1.0001003332436085,4.0,3.824697265625e-06,False,True,False
NEH2_2024,WIH2_2024,15,105,-0.3456242243453333,4.365302001493587e-07,9.537099998624399e-07,6.993646657349473e-07,9.5367431640625e-07,1.0000374168157578,4.0,3.824697265625e-06,False,True,False
NEH2_2024,WIH3_2024,15,105,-0.39459966024066645,4.3653862710818216e-07,9.537500016421063e-07,6.993906644936487e-07,9.5367431640625e-07,1.0000793617218733,4.0,3.824697265625e-06,False,True,False
NYH2_2024,NYH3_2024,34,561,0.0,0.0,0.0,0.0,9.5367431640625e-07,0.0,4.0,3.824697265625e-06,True,True,False
NYH2_2024,OHH1_2024,15,105,-0.04598865508533336,4.835961378791543e-07,9.53680000748136e-07,5.722053355583512e-07,9.5367431640625e-07,1.0000059604644775,4.0,3.824697265625e-06,False,True,False
NYH2_2024,TXH1_2024,15,105,0.968315251668,3.3556505209968665e-07,9.53689999860785e-07,8.265220010628127e-07,9.5367431640625e-07,1.0000164452940226,4.0,3.824697265625e-06,False,True,False
NYH2_2024,WIH1_2024,36,630,-1.9105137189280559,4.264928066115147e-07,1.9073499988309095e-06,1.1125719421301028e-06,9.5367431640625e-07,2.0000014323741198,4.0,3.824697265625e-06,False,True,False
NYH2_2024,WIH2_2024,43,903,-0.03436168404837213,3.56240518202205e-07,9.537400007531005e-07,7.984483723078029e-07,9.5367431640625e-07,1.0000688750296831,4.0,3.824697265625e-06,False,True,False
NYH2_2024,WIH3_2024,48,1128,-0.08333716790458327,4.6092488707461155e-07,9.53800000758065e-07,6.159954164530745e-07,9.5367431640625e-07,1.0001317895948887,4.0,3.824697265625e-06,False,True,False
NYH3_2024,OHH1_2024,15,105,-0.04598865508533336,4.835961378791543e-07,9.53680000748136e-07,5.722053355583512e-07,9.5367431640625e-07,1.0000059604644775,4.0,3.824697265625e-06,False,True,False
NYH3_2024,TXH1_2024,15,105,0.968315251668,3.3556505209968665e-07,9.53689999860785e-07,8.265220010628127e-07,9.5367431640625e-07,1.0000164452940226,4.0,3.824697265625e-06,False,True,False
NYH3_2024,WIH1_2024,38,703,-1.9105136770976319,3.940136205986534e-07,9.537700016437611e-07,7.529476331313845e-07,9.5367431640625e-07,1.0001003332436085,4.0,3.824697265625e-06,False,True,False
NYH3_2024,WIH2_2024,42,861,-0.034361612237619056,4.1110173345157567e-07,9.537400007531005e-07,7.266376194081658e-07,9.5367431640625e-07,1.0000688750296831,4.0,3.824697265625e-06,False,True,False
NYH3_2024,WIH3_2024,42,861,-0.08333707990976194,4.2438267245961405e-07,9.537400007531005e-07,7.039302385436486e-07,9.5367431640625e-07,1.0000688750296831,4.0,3.824697265625e-06,False,True,False
OHH1_2024,TXH1_2024,15,105,1.0143039067533335,4.3653092835489096e-07,9.53689999860785e-07,6.993633334673177e-07,9.5367431640625e-07,1.0000164452940226,4.0,3.824697265625e-06,False,True,False
OHH1_2024,WIH1_2024,15,105,-1.8645250320486668,3.948562042508267e-07,9.537300016404515e-07,7.629513341100846e-07,9.5367431640625e-07,1.000058390200138,4.0,3.824697265625e-06,False,True,False
OHH1_2024,WIH2_2024,15,105,0.011627006525333291,3.948565486783736e-07,9.537099998624399e-07,7.629353326876753e-07,9.5367431640625e-07,1.0000374168157578,4.0,3.824697265625e-06,False,True,False
OHH1_2024,WIH3_2024,15,105,-0.037348429369999894,4.6534916700412697e-07,9.537300016404515e-07,6.357999975392659e-07,9.5367431640625e-07,1.000058390200138,4.0,3.824697265625e-06,False,True,False
TXH1_2024,WIH1_2024,15,105,-2.8788289388020005,4.3653384206341097e-07,1.907390000610576e-06,1.0172479996128914e-06,9.5367431640625e-07,2.0000433772802353,4.0,3.824697265625e-06,False,True,False
TXH1_2024,WIH2_2024,15,105,-1.002676900228,4.365378984706784e-07,1.90737999972157e-06,1.0172519981921369e-06,9.5367431640625e-07,2.000032890588045,4.0,3.824697265625e-06,False,True,False
TXH1_2024,WIH3_2024,15,105,-1.0516523361233332,4.836014906130385e-07,9.537199989750889e-07,5.722266678276355e-07,9.5367431640625e-07,1.0000479016453028,4.0,3.824697265625e-06,False,True,False
WIH1_2024,WIH2_2024,35,595,1.8761520113262857,3.646742758990586e-07,1.9074399997265346e-06,9.809737147037367e-07,9.5367431640625e-07,2.0000958051532507,4.0,3.824697265625e-06,False,True,False
WIH1_2024,WIH3_2024,42,861,1.8271765254857142,4.804180295221013e-07,9.53800000758065e-07,5.223142895971478e-07,9.5367431640625e-07,1.0001317895948887,4.0,3.824697265625e-06,False,True,False
WIH2_2024,WIH3_2024,47,1081,-0.04897539666446806,4.766127038172974e-07,9.53800000758065e-07,5.4793553161403e-07,9.5367431640625e-07,1.0001317895948887,4.0,3.824697265625e-06,False,True,False
