environment,test_year,model,n,rmse,mae,r2,correlation
2016-DEH1,2016,Frozen-T1,230,2.487096116204583,2.1483890282680207,-0.7229227604552704,0.2846999665772243
2016-DEH1,2016,Frozen-T2,230,4.424450819522547,4.027424733786286,-4.452546947476225,0.25747565968675556
2016-DEH1,2016,T2-Mean12,230,1.9070927716969919,1.420773473276281,-0.01303467207297393,0.3017289544754122
2016-DEH1,2016,T2-Median12,230,1.8033743722433406,1.391798170993707,0.09415799237196854,0.3235857439976948
2016-GAH2,2016,Frozen-T1,87,2.3558648489207408,2.0148808795889597,-2.020130280887155,0.09023172558076711
2016-GAH2,2016,Frozen-T2,87,6.979536857316707,6.842824932173168,-25.50807210408885,0.0999555217071784
2016-GAH2,2016,T2-Mean12,87,1.3747566600442451,1.0954984493570308,-0.02843440701558264,0.11773818178540571
2016-GAH2,2016,T2-Median12,87,2.1563722242543686,1.8157080582378782,-1.5303021908005796,0.12038876735595022
2016-IAH2,2016,Frozen-T1,388,2.4159047866928516,1.8914604656327623,-0.02201440359451623,0.019571336748519533
2016-IAH2,2016,Frozen-T2,388,6.876619167535101,6.436402515812866,-7.280324080531219,0.010538992928987995
2016-IAH2,2016,T2-Mean12,388,3.209934986840472,2.5141979229377918,-0.8042215288921433,0.045721177522603317
2016-IAH2,2016,T2-Median12,388,2.6688376224765564,2.0233808063954157,-0.24721604819505627,0.06899132783789429
2016-IAH3,2016,Frozen-T1,375,2.0868705145352187,1.754815445181764,-1.1674911852366003,-0.0025608982162068934
2016-IAH3,2016,Frozen-T2,375,4.808436064532111,4.574260027949627,-10.507315639303412,-0.01986550731262318
2016-IAH3,2016,T2-Mean12,375,1.5217863906380227,1.2007720520242664,-0.1525870237945759,0.014927251093850636
2016-IAH3,2016,T2-Median12,375,1.5364958273877074,1.2375277893171521,-0.17497629395600756,0.03748392840753312
2016-IAH4,2016,Frozen-T1,396,1.3353149045682235,1.063421851586958,-0.08474468205955477,0.1964876628856639
2016-IAH4,2016,Frozen-T2,396,6.494945036663629,6.37086870117328,-24.663217046575475,0.20576343208247547
2016-IAH4,2016,T2-Mean12,396,1.939609236932449,1.6010268720669434,-1.2886987052357992,0.22319910032552331
2016-IAH4,2016,T2-Median12,396,1.3008565753302708,1.012955284769476,-0.029482502455049575,0.24828363566606337
2016-ILH1,2016,Frozen-T1,212,1.7970024624022063,1.361178990649999,0.05316862691286128,0.2377733170897303
2016-ILH1,2016,Frozen-T2,212,8.738424863102857,8.550319601623022,-21.389356316237638,0.21602125757854995
2016-ILH1,2016,T2-Mean12,212,2.8300440525773327,2.3856801604808675,-1.3483438463863062,0.23428847482101495
2016-ILH1,2016,T2-Median12,212,1.9908332541465645,1.5345129570916967,-0.16210419304683032,0.2532909322465463
2016-INH1,2016,Frozen-T1,235,1.9215005093061959,1.4512760552752209,-0.05534760619274248,0.3779769693464121
2016-INH1,2016,Frozen-T2,235,1.7969336493485217,1.3746341761316367,0.07704908592052717,0.3486922627956044
2016-INH1,2016,T2-Mean12,235,2.048580090637649,1.560243430516342,-0.19955569485826175,0.398884130714945
2016-INH1,2016,T2-Median12,235,2.190559195470649,1.6931997445643026,-0.37159062748034066,0.3849546617395482
2016-MIH1,2016,Frozen-T1,234,2.6841702525287454,2.0831129973556965,-0.7455651108202874,0.1717661357429018
2016-MIH1,2016,Frozen-T2,234,5.2566434619555205,4.8644186698624035,-5.694728635532747,0.1955060570671128
2016-MIH1,2016,T2-Mean12,234,2.4428825845594124,1.8556679343962625,-0.445842950551552,0.1961778814209667
2016-MIH1,2016,T2-Median12,234,2.1732616314933115,1.6226260085303874,-0.14430016457507544,0.21483063202404384
2016-MNH1,2016,Frozen-T1,232,2.671522298627082,2.249184914827922,-2.3202272724110973,0.02500959490466188
2016-MNH1,2016,Frozen-T2,232,10.947728474487587,10.842849626360756,-54.756851332017945,0.034575397283886096
2016-MNH1,2016,T2-Mean12,232,3.6715205336280046,3.358530531633027,-5.271076928706896,0.06838578875498451
2016-MNH1,2016,T2-Median12,232,2.337848498512189,1.9006747064587723,-1.5426286318796345,0.061057826486050695
2016-NEH1,2016,Frozen-T1,231,4.343605149525865,4.008015502046979,-5.101560916066801,0.28431450163255206
2016-NEH1,2016,Frozen-T2,231,10.817742556171568,10.683367819156704,-36.84543978539839,0.25648978735730255
2016-NEH1,2016,T2-Mean12,231,4.713470343741663,4.4024286227187,-6.184918243185896,0.293024728163154
2016-NEH1,2016,T2-Median12,231,3.274451284901125,2.865314081202094,-2.4675069496445823,0.3142815272226708
2016-NEH4,2016,Frozen-T1,214,1.7378322347501047,1.3661380623877304,-0.3940900013294628,0.09929741347138038
2016-NEH4,2016,Frozen-T2,214,2.0303517665790243,1.691277909892813,-0.9029075556494794,0.06507602699412753
2016-NEH4,2016,T2-Mean12,214,1.5119279731008148,1.1684842999170246,-0.055206164413807546,0.08811053077572933
2016-NEH4,2016,T2-Median12,214,1.5126488038250143,1.1600684850891512,-0.05621256995163093,0.1220170636040269
2016-NYH1,2016,Frozen-T1,224,1.7243396849169197,1.402798182272105,-1.27194497027623,0.13383098345160205
2016-NYH1,2016,Frozen-T2,224,1.8768830981891984,1.6081297325513997,-1.691699711201946,0.13260521837882872
2016-NYH1,2016,T2-Mean12,224,1.2292487980905085,0.9701906399773866,-0.15460051206389314,0.1225622283407188
2016-NYH1,2016,T2-Median12,224,1.4493694491245155,1.1356036979296278,-0.6051305717697046,0.10379051085288213
2016-NYH2,2016,Frozen-T1,230,3.2648383942242316,2.75716998657726,-2.2644777059187056,0.016711722618505644
2016-NYH2,2016,Frozen-T2,230,2.3339349602033086,1.7898123506286476,-0.6682757143722815,0.0353575635121015
2016-NYH2,2016,T2-Mean12,230,2.566113798890365,2.0135319400300133,-1.0167039687466857,0.027973630149822747
2016-NYH2,2016,T2-Median12,230,2.882428307377669,2.3527021265232917,-1.544528721149347,0.032463236896414
2016-NYH2L,2016,Frozen-T1,96,6.8692089707835535,6.832402780820601,-142.10384360849906,0.09585922916041514
2016-NYH2L,2016,Frozen-T2,96,5.6081404596086255,5.564713200101926,-94.38401655666148,0.13116183460053096
2016-NYH2L,2016,T2-Mean12,96,5.973533991797145,5.9308831606504056,-107.21825343293389,0.09069424803912889
2016-NYH2L,2016,T2-Median12,96,6.404007176669567,6.3640390412704875,-123.3773964504647,0.08733982554846077
2016-TXH1,2016,Frozen-T1,218,2.663033306963742,2.429914788174756,-4.46222851387222,0.2837003882987443
2016-TXH1,2016,Frozen-T2,218,2.3388976612987715,2.080433281963174,-3.2134622546756173,0.26563397578717524
2016-TXH1,2016,T2-Mean12,218,2.23586927722971,1.9740992433587503,-2.8504322421910655,0.2784252995394219
2016-TXH1,2016,T2-Median12,218,2.224442869919851,1.9594651075102294,-2.8111775458089836,0.2594072063072688
2016-TXH2,2016,Frozen-T1,234,2.0945997231242375,1.6532890207672748,-0.25497752830303577,0.3176078357445477
2016-TXH2,2016,Frozen-T2,234,1.9134476643812113,1.501766539368821,-0.04729020581289256,0.30937585931937955
2016-TXH2,2016,T2-Mean12,234,1.7841800745267087,1.403082074610637,0.08943440743880993,0.3039926008787112
2016-TXH2,2016,T2-Median12,234,1.796705566039031,1.4131706578710137,0.0766046308344811,0.2845631782440155
2016-WIH1,2016,Frozen-T1,308,1.8335809577907871,1.4117086685481222,0.08024545425744667,0.3762580691939065
2016-WIH1,2016,Frozen-T2,308,6.399131647230899,6.138712584128858,-10.202471625104508,0.3486919807796158
2016-WIH1,2016,T2-Mean12,308,2.4177710007787305,1.9034175076507913,-0.5991974601606258,0.38342392859272084
2016-WIH1,2016,T2-Median12,308,1.9648887978640488,1.4865687735776576,-0.05620377697884571,0.403127200237028
2016-WIH2,2016,Frozen-T1,418,3.874494864729653,3.2519520002893425,-1.56693939080127,0.3519512763816246
2016-WIH2,2016,Frozen-T2,418,10.973858171655507,10.726660680909474,-19.592265128872587,0.32750714502852735
2016-WIH2,2016,T2-Mean12,418,4.841064315606163,4.2913411775389605,-3.00744102810427,0.38167847110968167
2016-WIH2,2016,T2-Median12,418,3.7296057583143583,3.1079364828468,-1.3785445418029565,0.39840576011303863
2017-COH1,2017,Frozen-T1,209,1.3778976233529774,1.022789898068113,-0.06130374563559782,0.149200031660361
2017-COH1,2017,Frozen-T2,209,1.3509684361006897,1.020214175157063,-0.020225559274644755,0.17506561926922998
2017-COH1,2017,T2-Mean12,209,1.377945965798222,1.019002193537625,-0.06137821694225676,0.1555060131550014
2017-COH1,2017,T2-Median12,209,1.3676484673345106,1.0172739865935914,-0.045573966019508694,0.15674102823327696
2017-DEH1,2017,Frozen-T1,168,2.170495031331277,1.748878504475766,-0.07058229564241669,0.4262823780740051
2017-DEH1,2017,Frozen-T2,168,3.9463911387455046,3.482909029297602,-2.5391805592214167,0.41204449519799546
2017-DEH1,2017,T2-Mean12,168,2.4269798640983464,2.018453902985706,-0.33855065653933325,0.44056267432360624
2017-DEH1,2017,T2-Median12,168,3.094646888672145,2.669183496439924,-1.17632959605479,0.43706083486187325
2017-GAH1,2017,Frozen-T1,130,2.628671598644434,2.0819775841192003,-0.044317546527196994,0.26330883246718095
2017-GAH1,2017,Frozen-T2,130,3.8403934316475494,3.1629977415671324,-1.2290065558126058,0.23851818414694717
2017-GAH1,2017,T2-Mean12,130,2.518280843125615,2.0222486786837925,0.041552711991098,0.2668748750332492
2017-GAH1,2017,T2-Median12,130,2.4853434295446326,2.0109463007811175,0.0664604387636446,0.27448699806200916
2017-GAH2,2017,Frozen-T1,84,1.5983725440737198,1.2592249349630449,0.0030575885389799717,0.1675244183193997
2017-GAH2,2017,Frozen-T2,84,2.823766718745351,2.3990038443793886,-2.111513436348832,0.1346160828685785
2017-GAH2,2017,T2-Mean12,84,1.6034404709332069,1.2664382270320043,-0.003274403414844196,0.174399187976507
2017-GAH2,2017,T2-Median12,84,1.6378373952955505,1.3208249499252684,-0.04678048051267436,0.22773179677375738
2017-IAH4,2017,Frozen-T1,326,2.040464795645078,1.681761553634244,-0.46264737395162503,0.4135948621618523
2017-IAH4,2017,Frozen-T2,326,3.7840784165628625,3.4484455520296753,-4.030390252456603,0.3596057507202095
2017-IAH4,2017,T2-Mean12,326,2.726096863161149,2.377118425060904,-1.6107422011924264,0.4055262978151729
2017-IAH4,2017,T2-Median12,326,3.6698590588973605,3.3634409421821885,-3.7312968162412146,0.41558198181146483
2017-ILH1,2017,Frozen-T1,173,1.9944676741348262,1.6293406126285968,-1.4836585879563486,-0.052499949510516036
2017-ILH1,2017,Frozen-T2,173,4.637707706003128,4.4111233142620465,-12.429029861837417,-0.05168185654523101
2017-ILH1,2017,T2-Mean12,173,2.114611807885809,1.7529637226684833,-1.7918957552782033,-0.05977138921511096
2017-ILH1,2017,T2-Median12,173,3.0100648347360415,2.68548260257339,-4.657044469629832,-0.05522350404185663
2017-INH1,2017,Frozen-T1,163,2.3834609481994042,2.0430814053664506,-1.103544036752134,0.36447091324283215
2017-INH1,2017,Frozen-T2,163,4.1633108789246,3.871361134543352,-5.418199459708974,0.3339641392183239
2017-INH1,2017,T2-Mean12,163,2.5878188773733,2.2544492292198073,-1.4797236275773558,0.37061659517026174
2017-INH1,2017,T2-Median12,163,3.603552879433748,3.328304055961356,-3.8083638757986407,0.371786316847638
2017-MIH1,2017,Frozen-T1,184,1.6240937873279406,1.2695384614094831,0.17569851375088896,0.473075676846897
2017-MIH1,2017,Frozen-T2,184,1.8143709114182298,1.5177079215983407,-0.02876462409699121,0.4653354962191217
2017-MIH1,2017,T2-Mean12,184,1.8669319861242375,1.5628332029244765,-0.08923318905632782,0.46698938361826325
2017-MIH1,2017,T2-Median12,184,1.8888186575366528,1.5859121895193735,-0.11492178341651593,0.47286589029532705
2017-MNH1,2017,Frozen-T1,212,1.8142755691693495,1.4672711608369358,-0.37558894348417304,0.12712031965829407
2017-MNH1,2017,Frozen-T2,212,1.9560564399179463,1.603147117864702,-0.5989870078941495,0.10318656792335107
2017-MNH1,2017,T2-Mean12,212,1.6052856004967144,1.259142333930439,-0.07692830493797764,0.15519911772754974
2017-MNH1,2017,T2-Median12,212,1.6770508539470106,1.3288623411596765,-0.1753700923683812,0.19596681946664554
2017-NYH1,2017,Frozen-T1,204,1.6041601126334983,1.297682069121696,-0.004182115524733687,0.17529789959513012
2017-NYH1,2017,Frozen-T2,204,1.6197639184049175,1.3128567248173835,-0.023812662048927624,0.1585902148581786
2017-NYH1,2017,T2-Mean12,204,1.5934200132799392,1.2879695754724143,0.00921918018568324,0.1703101325315004
2017-NYH1,2017,T2-Median12,204,1.5930713992601324,1.2874646887053494,0.00965266576706636,0.1653192000903979
2017-NYH2,2017,Frozen-T1,197,3.3167085311791866,3.028138206008369,-3.866414395103094,0.14938352931428664
2017-NYH2,2017,Frozen-T2,197,3.3875076359159255,3.089288071851082,-4.076390679965904,0.11111192132619399
2017-NYH2,2017,T2-Mean12,197,3.175943299770783,2.8816769407963174,-3.462106720309131,0.1502126255877175
2017-NYH2,2017,T2-Median12,197,3.128514425717839,2.8352964076166605,-3.3298295109482217,0.15661458089130947
2017-NYH3,2017,Frozen-T1,132,2.5422811700185264,2.2330378749195443,-1.3287136647639604,0.2675615126308262
2017-NYH3,2017,Frozen-T2,132,2.5255208912883753,2.218184701735109,-1.2981102554631434,0.25736363701990705
2017-NYH3,2017,T2-Mean12,132,2.4340386817316224,2.123832245586642,-1.1346362564207588,0.2756048347352863
2017-NYH3,2017,T2-Median12,132,2.4104127420537034,2.0987080762273385,-1.0933977786037148,0.2780104472333337
2017-TXH1-Dry,2017,Frozen-T1,133,2.0194198063663364,1.673411516286061,-0.8393386337438924,0.06629358412563585
2017-TXH1-Dry,2017,Frozen-T2,133,2.2729259210698123,1.9250498191110712,-1.3301239991863518,0.09008113040211622
2017-TXH1-Dry,2017,T2-Mean12,133,2.9286055604721892,2.575520904928998,-2.8683898509833914,0.0960453560968295
2017-TXH1-Dry,2017,T2-Median12,133,2.715418697591732,2.364313662942436,-2.3256924015441545,0.11561287208644497
2017-TXH1-Early,2017,Frozen-T1,178,2.2889403771186028,1.9150792863638548,-1.6589801624616722,0.023556724451961934
2017-TXH1-Early,2017,Frozen-T2,178,2.582354135457131,2.2139914385542623,-2.384369217384175,0.03212701155997288
2017-TXH1-Early,2017,T2-Mean12,178,3.291802453767649,2.9746339480406427,-4.499379191917195,0.052201294341626646
2017-TXH1-Early,2017,T2-Median12,178,3.073504193493224,2.7444128156542487,-3.7941736087518168,0.07786176849838755
2017-TXH1-Late,2017,Frozen-T1,133,3.1088110513191705,2.9217556003293605,-8.790287329324624,-0.007551041553439291
2017-TXH1-Late,2017,Frozen-T2,133,3.9196598885387735,3.764368574373357,-14.563366793203935,-0.01559520192083017
2017-TXH1-Late,2017,T2-Mean12,133,2.9420604532059467,2.753675174263632,-7.7681903273932065,0.022640254442589953
2017-TXH1-Late,2017,T2-Median12,133,2.814108708375783,2.621207818320368,-7.022108357734901,0.056821352496340176
2017-TXH2,2017,Frozen-T1,131,1.9014082815565037,1.5404953428976864,-0.02464336937049061,0.09399832287227992
2017-TXH2,2017,Frozen-T2,131,1.8863424524396348,1.5398614340936214,-0.008470152880678983,0.10377801119717131
2017-TXH2,2017,T2-Mean12,131,1.8862344389262005,1.5302093198969102,-0.008354664533798628,0.1182004947747138
2017-TXH2,2017,T2-Median12,131,1.8955080280706567,1.534687564731872,-0.018294101258131468,0.10147166413553899
2017-WIH1,2017,Frozen-T1,274,3.065464480453654,2.684965223223077,-1.054620056263201,0.38399479638668255
2017-WIH1,2017,Frozen-T2,274,2.8479663249301943,2.482401355185092,-0.7734079299436161,0.3699767310094067
2017-WIH1,2017,T2-Mean12,274,2.744857118563891,2.3842174662447353,-0.6473217461749801,0.3957825282648988
2017-WIH1,2017,T2-Median12,274,2.8383839952296928,2.4724404749403566,-0.7614943120178539,0.3767532373277748
2017-WIH2,2017,Frozen-T1,278,2.0096762932090546,1.6827492237516806,-0.4354827918697779,0.46459781547008216
2017-WIH2,2017,Frozen-T2,278,2.139291982170744,1.7997288083087788,-0.6266192167463092,0.42604167794443953
2017-WIH2,2017,T2-Mean12,278,2.5747401266415433,2.227799164356096,-1.356202294687232,0.4619486933443158
2017-WIH2,2017,T2-Median12,278,2.7334753357663426,2.3846777260855947,-1.655682128153706,0.4633146880065965
2018-ARH2,2018,Frozen-T1,429,4.280994296308884,4.215708511934303,-42.338859049354895,-0.026837344045072067
2018-ARH2,2018,Frozen-T2,429,5.088545960962216,5.034991795052349,-60.231595850957014,-0.028316722038713164
2018-ARH2,2018,T2-Mean12,429,4.478835050514112,4.419804554775583,-46.437119735190024,0.0028961983350145226
2018-ARH2,2018,T2-Median12,429,4.625053434103509,4.568079336503614,-49.58499187038938,0.010460150753302111
2018-DEH1,2018,Frozen-T1,595,3.2989864791192525,2.749466231894917,-1.6907308126665215,0.30850737364935554
2018-DEH1,2018,Frozen-T2,595,3.1294570640393657,2.560460403083338,-1.4212920480451534,0.30118156316972367
2018-DEH1,2018,T2-Mean12,595,3.173799438619231,2.612372603813527,-1.4903944443143509,0.31435594641963216
2018-DEH1,2018,T2-Median12,595,3.34608090485559,2.801410551247524,-1.7681017887219426,0.3259987387517541
2018-IAH2,2018,Frozen-T1,434,3.021685487486575,2.6370811294956615,-2.0814350890097653,0.10595628207884285
2018-IAH2,2018,Frozen-T2,434,2.9625233645304276,2.5774097080115252,-1.9619523972354949,0.1098293486592528
2018-IAH2,2018,T2-Mean12,434,2.9879189882771224,2.602162806406523,-2.0129515125461612,0.09180735122262837
2018-IAH2,2018,T2-Median12,434,2.997651365331723,2.611905887483244,-2.0326113069639926,0.08937941279229811
2018-IAH4,2018,Frozen-T1,804,2.9479478683046247,2.66828160738827,-4.236737133777057,-0.001547262875422077
2018-IAH4,2018,Frozen-T2,804,2.7008001711652474,2.4079455754152916,-3.3954776991841493,0.0038335729885079555
2018-IAH4,2018,T2-Mean12,804,2.238256985901332,1.923850213058657,-2.0188467949754108,-0.012152178905249653
2018-IAH4,2018,T2-Median12,804,2.6149806356379455,2.31417937453054,-3.120577913984289,-0.008880367446088501
2018-ILH1,2018,Frozen-T1,394,2.7300306107354393,2.3689817778945583,-2.0206980654013704,-0.13052114268121484
2018-ILH1,2018,Frozen-T2,394,2.516988158178534,2.1477690802624902,-1.5676429326875043,-0.12567246565269197
2018-ILH1,2018,T2-Mean12,394,2.446666653324717,2.0789040041508358,-1.4261736955265438,-0.13189430324764123
2018-ILH1,2018,T2-Median12,394,2.4714361495363857,2.102198901150657,-1.4755464162727647,-0.13389328638030792
2018-INH1,2018,Frozen-T1,407,2.660569848119407,2.3326407079325757,-2.9614997469378017,-0.01762473188147533
2018-INH1,2018,Frozen-T2,407,2.5843777589443024,2.2530643997689808,-2.737853641967009,-0.01952617886983971
2018-INH1,2018,T2-Mean12,407,2.5292948239743547,2.198061932143655,-2.580215868229932,0.007829369129454014
2018-INH1,2018,T2-Median12,407,2.50523952634345,2.1685360539489893,-2.512439179759559,-0.015230448233220135
2018-MIH1,2018,Frozen-T1,375,1.8505880925686486,1.5627197015264431,-1.034455037873263,0.09144813324611747
2018-MIH1,2018,Frozen-T2,375,1.3996097951994937,1.1311893194945746,-0.16370396992098324,0.08361863298124747
2018-MIH1,2018,T2-Mean12,375,1.5046941043366187,1.229133311086369,-0.3450084353833147,0.10187457210130593
2018-MIH1,2018,T2-Median12,375,1.4579561212197893,1.1870418554155706,-0.26275028917702725,0.09608546977694389
2018-MNH1,2018,Frozen-T1,916,1.7641624520307497,1.3565595009056333,-0.08400306351646014,0.15830129873952287
2018-MNH1,2018,Frozen-T2,916,2.1288521221690018,1.625580095348322,-0.5784991425750543,0.15979518358352404
2018-MNH1,2018,T2-Mean12,916,1.9181854123165256,1.4522221464502774,-0.2815469709780092,0.12032721541265398
2018-MNH1,2018,T2-Median12,916,2.003166987105709,1.5169760639131449,-0.39761537375595846,0.08054126654279735
2018-MOH1,2018,Frozen-T1,790,1.52516175170289,1.2173029920660665,-0.4172690406104027,-0.017330835130292075
2018-MOH1,2018,Frozen-T2,790,1.541165285802538,1.230985124139641,-0.44716791657318544,-0.017414023535145078
2018-MOH1,2018,T2-Mean12,790,1.8208630996932227,1.4881892339546963,-1.0201102827341977,-0.015074969850575054
2018-MOH1,2018,T2-Median12,790,1.8696218298844263,1.5357837090944912,-1.1297470729879207,-0.01410032056570976
2018-NCH1,2018,Frozen-T1,639,2.9794947771379516,2.4824189067458122,-0.91664953130454,0.3087937755981904
2018-NCH1,2018,Frozen-T2,639,2.6517991541757207,2.183925063043694,-0.5182339750271465,0.301297938906022
2018-NCH1,2018,T2-Mean12,639,3.1129371923219677,2.607614135536348,-1.0921757642829224,0.3214818449338832
2018-NCH1,2018,T2-Median12,639,3.0931012915216485,2.589164363014748,-1.0655976697139597,0.3363341462713405
2018-NYH1,2018,Frozen-T1,373,1.887245798097357,1.4763872393919153,-0.09702330977883467,-0.011638046746638053
2018-NYH1,2018,Frozen-T2,373,1.8355669602094482,1.4608889415584125,-0.037765874059026316,-0.009764409273050882
2018-NYH1,2018,T2-Mean12,373,1.844420845825263,1.4831114921941244,-0.04780137851350741,-0.05285674412602935
2018-NYH1,2018,T2-Median12,373,1.8474647469890009,1.4846313778482472,-0.05126266624014497,-0.059807294098931235
2018-NYH2,2018,Frozen-T1,395,2.1389225276236576,1.6880188670053473,-0.2654907181711508,0.1875843337448545
2018-NYH2,2018,Frozen-T2,395,2.1580323673116633,1.704189471711637,-0.28820435584526094,0.18825300123450273
2018-NYH2,2018,T2-Mean12,395,2.2971401006029155,1.8257930668392608,-0.45963349725378433,0.15808059792269769
2018-NYH2,2018,T2-Median12,395,2.256119524223072,1.7874240296087878,-0.4079689024549733,0.14854906333698586
2018-NYH3,2018,Frozen-T1,416,3.514817362568267,3.168227254427609,-3.7766567786369114,0.10597264961375523
2018-NYH3,2018,Frozen-T2,416,3.4743254429703225,3.1257322111957184,-3.6672332310941007,0.10864505689932169
2018-NYH3,2018,T2-Mean12,416,3.386856640462041,3.0316390646473126,-3.4351890745604194,0.10425773090788604
2018-NYH3,2018,T2-Median12,416,3.3401287863420817,2.980095311053152,-3.313650305152641,0.0957959277709293
2018-OHH1,2018,Frozen-T1,380,2.7174829631983615,2.4015761783405827,-2.724356583630785,-0.11186537744914961
2018-OHH1,2018,Frozen-T2,380,1.9583269159718142,1.652451767701641,-0.9341403323869302,-0.1117309973657479
2018-OHH1,2018,T2-Mean12,380,2.278292117496858,1.9604776581551242,-1.6177996803803922,-0.13289274219132202
2018-OHH1,2018,T2-Median12,380,2.175965253734119,1.8603643180271672,-1.3879295373175426,-0.13115108202430975
2018-SCH1,2018,Frozen-T1,378,2.7726013840779475,2.4643940866603358,-3.25793541674092,0.13666536701967077
2018-SCH1,2018,Frozen-T2,378,3.3781722519816175,3.1037312249868942,-5.3210289469661,0.13249019955590294
2018-SCH1,2018,T2-Mean12,378,2.785114690507188,2.4832612316386227,-3.2964559805101494,0.17006018324263594
2018-SCH1,2018,T2-Median12,378,2.697732307497807,2.3950523962083254,-3.0310845231462036,0.1910744395266299
2018-TXH1-Dry,2018,Frozen-T1,369,1.9605570090024516,1.5942256382389168,-1.300991150611142,-0.11916065443333577
2018-TXH1-Dry,2018,Frozen-T2,369,1.8574279366882016,1.4983497045843799,-1.0652847799686516,-0.12089394699984478
2018-TXH1-Dry,2018,T2-Mean12,369,1.9627653359628165,1.5955040431775127,-1.3061776384547872,-0.10153144283006275
2018-TXH1-Dry,2018,T2-Median12,369,2.0010352610099824,1.6339663849857595,-1.39698590979468,-0.09928326673217465
2018-TXH1-Early,2018,Frozen-T1,404,1.2734691004626122,0.977784677440671,-0.09689714959427942,-0.004233993478271105
2018-TXH1-Early,2018,Frozen-T2,404,1.2962480885262202,1.0032364115851575,-0.1364892772547479,-0.003242812596922945
2018-TXH1-Early,2018,T2-Mean12,404,1.257981157995574,0.9678664150696079,-0.07037845086631034,0.02044237150506161
2018-TXH1-Early,2018,T2-Median12,404,1.2508977803056835,0.962761453994333,-0.05835832017911624,0.02612725158100258
2018-TXH1-Late,2018,Frozen-T1,434,2.147117733363679,1.867649765668822,-2.475850733778127,0.09821340898933147
2018-TXH1-Late,2018,Frozen-T2,434,2.36352128280988,2.099485896612507,-3.2118067369160253,0.10306857138438588
2018-TXH1-Late,2018,T2-Mean12,434,2.0224325231453744,1.7387496072530544,-2.0838800785431166,0.11091478864378808
2018-TXH1-Late,2018,T2-Median12,434,1.9077754085739684,1.6196970292348765,-1.7441250163431805,0.11385063433589122
2018-TXH2,2018,Frozen-T1,443,1.6866794440314692,1.3301179512634094,-0.1852924495686219,-0.06811275397747275
2018-TXH2,2018,Frozen-T2,443,1.7245022800242074,1.3661404810514863,-0.23904751062187546,-0.06966167522485961
2018-TXH2,2018,T2-Mean12,443,1.7903515602643967,1.4335325827387366,-0.3354789648738967,-0.05265600593903511
2018-TXH2,2018,T2-Median12,443,1.8241034927296003,1.467092101678834,-0.38630683196118976,-0.05197477484514146
2018-WIH1,2018,Frozen-T1,401,3.1364934224842855,2.7261868444669464,-2.0243616834568274,-0.046543269431805825
2018-WIH1,2018,Frozen-T2,401,3.0246852376258144,2.6126812409094793,-1.8125829413019945,-0.05241406915146901
2018-WIH1,2018,T2-Mean12,401,2.9166313843173945,2.499308099862003,-1.615218949209654,-0.06611169729066514
2018-WIH1,2018,T2-Median12,401,2.8461104197677494,2.4265879632520915,-1.4902815760823844,-0.0660770647292032
2018-WIH2,2018,Frozen-T1,815,1.9183033242333325,1.451410634705555,-0.10004116458466839,0.14576598333641
2018-WIH2,2018,Frozen-T2,815,2.441264470361867,1.9346759613034665,-0.7815747114814717,0.1395947831295248
2018-WIH2,2018,T2-Mean12,815,2.159757327630086,1.6682825442684919,-0.39439010011773656,0.13707094823707747
2018-WIH2,2018,T2-Median12,815,2.2338991238595076,1.7366961976397244,-0.49176871154880475,0.13885421467947415
2019-DEH1,2019,Frozen-T1,814,2.9422787718463326,2.4962220635933856,-1.47104328831429,0.056808727698955716
2019-DEH1,2019,Frozen-T2,814,2.9442111822963195,2.497494685852588,-1.4742901852350485,0.03098077882436555
2019-DEH1,2019,T2-Mean12,814,1.9705414127460217,1.5645415020927214,-0.10836767044690743,0.08225473788809995
2019-DEH1,2019,T2-Median12,814,2.4457768699537654,2.016316966468123,-0.7074436655879073,0.08088748270562411
2019-GAH2,2019,Frozen-T1,390,4.063137283170443,3.782462277168786,-6.783796242670687,-0.10667456725860922
2019-GAH2,2019,Frozen-T2,390,4.275955813851552,4.0083583203066455,-7.620548184723612,-0.07806741920353955
2019-GAH2,2019,T2-Mean12,390,4.297510401660305,4.026665573638962,-7.707677565846797,-0.10677298108282615
2019-GAH2,2019,T2-Median12,390,4.211628977744231,3.938293379687069,-7.363126704355805,-0.08596929023819637
2019-IAH4,2019,Frozen-T1,1140,2.4524546288050044,2.173192222298005,-2.5369692873837,0.0515925516625326
2019-IAH4,2019,Frozen-T2,1140,1.9425777425969506,1.6520127737387533,-1.219147362368334,0.03883316001373464
2019-IAH4,2019,T2-Mean12,1140,1.8713193170008233,1.5827975909497838,-1.0593261152571896,0.06230471488224484
2019-IAH4,2019,T2-Median12,1140,1.8690057829185378,1.5799311622809251,-1.0542373246720755,0.0667175935299632
2019-ILH1,2019,Frozen-T1,448,4.091826197513018,3.7683197948259735,-4.87256358721377,0.24019708394940983
2019-ILH1,2019,Frozen-T2,448,2.014335209935032,1.643862474390748,-0.4231702580403214,0.23212933642535918
2019-ILH1,2019,T2-Mean12,448,2.9839793281965052,2.6073383311674823,-2.1230935345349,0.23083027061733233
2019-ILH1,2019,T2-Median12,448,2.779580781002397,2.396809258959439,-1.7098919270916748,0.2315517681427936
2019-INH1,2019,Frozen-T1,440,4.792620859562425,4.542158967443703,-8.50148225650127,0.12938987174975639
2019-INH1,2019,Frozen-T2,440,4.5273773690947,4.2620081139325094,-7.4788822797111045,0.12238287511368094
2019-INH1,2019,T2-Mean12,440,4.334009597318462,4.057599988980301,-6.7700703649076965,0.12182815866394961
2019-INH1,2019,T2-Median12,440,4.353591520754802,4.079286370804389,-6.840442452577092,0.12908508347411393
2019-MIH1,2019,Frozen-T1,454,1.8323306878091004,1.479711293597238,-0.0741138673651891,0.09665872903490957
2019-MIH1,2019,Frozen-T2,454,1.7683684620361282,1.41715290779367,-0.0004332905099220241,0.1088958996942165
2019-MIH1,2019,T2-Mean12,454,1.766204006373485,1.407035467987432,0.002014240469185191,0.0941944551111325
2019-MIH1,2019,T2-Median12,454,1.7701085275139095,1.4155356754129855,-0.0024031016072323386,0.09652958922449695
2019-MNH1,2019,Frozen-T1,1001,1.8276484482409656,1.4153744411853353,0.0013022008637281202,0.08689229506803764
2019-MNH1,2019,Frozen-T2,1001,1.8394912538413413,1.4356490621102944,-0.011682466369071998,0.11621129706474596
2019-MNH1,2019,T2-Mean12,1001,1.9830464613648378,1.5896000959895218,-0.1757488098482738,-0.027018139993304276
2019-MNH1,2019,T2-Median12,1001,1.9950564918582776,1.601754255795441,-0.19003343660826233,-0.02883817067473378
2019-MOH1,2019,Frozen-T1,515,1.875877103588236,1.468318059393715,-0.06580303770879148,-0.12115200271925554
2019-MOH1,2019,Frozen-T2,515,1.869275974611832,1.4707741395329177,-0.058315207627976484,-0.11269112602420525
2019-MOH1,2019,T2-Mean12,515,1.9315683501926333,1.578510179378881,-0.13002577590797326,-0.11301902189044052
2019-MOH1,2019,T2-Median12,515,1.9191022803329483,1.5635923891997037,-0.11548678993645334,-0.10845759390670083
2019-NEH1,2019,Frozen-T1,308,2.6924369043472365,2.254281826606525,-0.5248442777393318,0.14257932497984502
2019-NEH1,2019,Frozen-T2,308,2.303607580734301,1.8302928037410688,-0.11622417225090009,0.14374452322607553
2019-NEH1,2019,T2-Mean12,308,2.2595255763628184,1.7755270040266449,-0.07391262563183787,0.14332438185137275
2019-NEH1,2019,T2-Median12,308,2.2830735470450794,1.8035698453594438,-0.09641313367332849,0.1394204270201636
2019-NEH2,2019,Frozen-T1,170,2.291445775408191,1.96490922502783,-1.349013616092138,0.2998784676839251
2019-NEH2,2019,Frozen-T2,170,1.761918220787865,1.4323429808143795,-0.3887940865948134,0.2874418418853679
2019-NEH2,2019,T2-Mean12,170,1.6856273024104178,1.356180321095944,-0.27112856686699116,0.2817034072402176
2019-NEH2,2019,T2-Median12,170,1.7272350321374013,1.399530079382163,-0.33465568511789545,0.2864962439446187
2019-NEH2L,2019,Frozen-T1,174,2.160189166589839,1.6997897586330524,0.003871642004190212,0.12819423345942096
2019-NEH2L,2019,Frozen-T2,174,2.1511759277460416,1.669028196301748,0.012166852621154245,0.13469064310082648
2019-NEH2L,2019,T2-Mean12,174,2.1839469615737612,1.6793573707278509,-0.018159717259609298,0.13949377864642154
2019-NEH2L,2019,T2-Median12,174,2.194922569734764,1.684758797989525,-0.028419126074955336,0.1387677621253918
2019-NYH1,2019,Frozen-T1,201,1.8472918698636405,1.5406288118612936,-0.7013281768000139,0.2295198073251459
2019-NYH1,2019,Frozen-T2,201,1.7143419101473558,1.4074554206950791,-0.46525071414036345,0.23935779966115472
2019-NYH1,2019,T2-Mean12,201,1.8078590634570457,1.4970986779425706,-0.6294693605417465,0.2110246755890727
2019-NYH1,2019,T2-Median12,201,1.8291156119744159,1.5193926731901568,-0.6680127658902841,0.20024235514302194
2019-NYH2,2019,Frozen-T1,402,4.167577456916778,3.822583291694416,-4.309103534017863,0.06202835923034711
2019-NYH2,2019,Frozen-T2,402,3.6724281839131643,3.3048745718462897,-3.122498038916728,0.06431720264555947
2019-NYH2,2019,T2-Mean12,402,3.796935573880927,3.435332093010601,-3.4067690495784335,0.0498751589605232
2019-NYH2,2019,T2-Median12,402,3.815490131256397,3.454679305317299,-3.4499435677936674,0.05255713147769204
2019-NYH3,2019,Frozen-T1,573,3.872854669476459,3.402732629751235,-2.472803954038772,0.06702451520158254
2019-NYH3,2019,Frozen-T2,573,3.5000959777599716,3.017432111873842,-1.8364672523559245,0.06124484641525543
2019-NYH3,2019,T2-Mean12,573,3.3382283759761626,2.854901081033736,-1.5801797105839084,0.06241869755164208
2019-NYH3,2019,T2-Median12,573,3.3890478033837486,2.906385156797807,-1.6593362668454232,0.06115088410871288
2019-OHH1,2019,Frozen-T1,367,3.5002103583984696,3.2288555153725325,-3.332345292600757,0.11149251127899466
2019-OHH1,2019,Frozen-T2,367,3.358957280691105,3.0794540054479054,-2.9897320792362527,0.09543338262607265
2019-OHH1,2019,T2-Mean12,367,2.7894222951132104,2.4820818555519075,-1.7514606569099969,0.09247263001222997
2019-OHH1,2019,T2-Median12,367,2.8021004451255944,2.4968441386813445,-1.7765287185159635,0.09855274903749214
2019-SCH1,2019,Frozen-T1,365,5.108361435192209,5.0110921119003455,-26.24299478977301,0.09464494423179391
2019-SCH1,2019,Frozen-T2,365,4.912411816538171,4.810944440004861,-24.193073103666066,0.09940591433632003
2019-SCH1,2019,T2-Mean12,365,4.27656698318035,4.15982674872967,-18.093351577118295,0.11204796584489084
2019-SCH1,2019,T2-Median12,365,4.457603475210432,4.344521580394917,-19.744094337446,0.1055184596811208
2019-TXH1,2019,Frozen-T1,571,1.7847956594670586,1.3588859298129485,-0.031692260418025864,-0.004024299770791533
2019-TXH1,2019,Frozen-T2,571,1.7857846148922651,1.3603071515334775,-0.03283589871205628,0.004046132551581987
2019-TXH1,2019,T2-Mean12,571,1.7808880975438157,1.3492635833926483,-0.027179712132110234,0.014285551261670274
2019-TXH1,2019,T2-Median12,571,1.7825043688572837,1.3547165497808977,-0.02904502245094487,0.013498109896184354
2019-TXH2,2019,Frozen-T1,438,1.5224515467887416,1.232313108280174,-0.14102643626662448,-0.0037000885858978734
2019-TXH2,2019,Frozen-T2,438,1.527608054019122,1.2333980534854532,-0.14876878455471365,0.003875398952988884
2019-TXH2,2019,T2-Mean12,438,1.5119757505301092,1.2213197791680062,-0.12537794301170013,0.016021019732821603
2019-TXH2,2019,T2-Median12,438,1.5206754581730313,1.2279549320987437,-0.138365751300503,0.013469373178369905
2019-TXH3,2019,Frozen-T1,445,1.6237161896504662,1.2878035281473665,-0.1289946725742548,0.003737852305443317
2019-TXH3,2019,Frozen-T2,445,1.6290930396496435,1.2906836617287574,-0.13648426466522823,0.007170594099777868
2019-TXH3,2019,T2-Mean12,445,1.6142999226161225,1.2754118060323556,-0.11593809292913382,0.020582297563031083
2019-TXH3,2019,T2-Median12,445,1.6225291032571436,1.2838208559774913,-0.12734447740795152,0.01852618730002431
2019-WIH1,2019,Frozen-T1,580,2.88131109386779,2.4758772361383623,-0.7049384540112305,0.06311521970390822
2019-WIH1,2019,Frozen-T2,580,2.8587984236419577,2.4527347108148403,-0.6784000017104512,0.06428719489288351
2019-WIH1,2019,T2-Mean12,580,3.0961105503185182,2.6867606343353687,-0.9686174116832584,0.0578477865743484
2019-WIH1,2019,T2-Median12,580,2.995154292076589,2.587595300474815,-0.8423273626485346,0.05954447056351038
2019-WIH2,2019,Frozen-T1,1113,2.184347921156526,1.765771414650128,-0.7171057809648786,0.20239814267064637
2019-WIH2,2019,Frozen-T2,1113,2.78647251482435,2.371725623209752,-1.7942351425043626,0.21614957641990218
2019-WIH2,2019,T2-Mean12,1113,2.859268606343951,2.439395048456279,-1.94214000283116,0.08756176490458371
2019-WIH2,2019,T2-Median12,1113,2.8414068132086707,2.4212693287240827,-1.9054958409825686,0.08805275360572173
2020-DEH1,2020,Frozen-T1,1143,2.256018215772571,1.740053123195747,-0.3863291717655355,0.48028977669981304
2020-DEH1,2020,Frozen-T2,1143,2.0444582168018464,1.5598308662205917,-0.13851206274884453,0.47663029830737186
2020-DEH1,2020,T2-Mean12,1143,2.0162941164326105,1.5375850506162925,-0.10736023420096763,0.4758551258803459
2020-DEH1,2020,T2-Median12,1143,1.9912402502618716,1.5176614152521888,-0.0800117559054856,0.47530135327308415
2020-INH1,2020,Frozen-T1,415,3.808599019703593,3.4765154924602655,-4.398508993154379,0.10291249693723403
2020-INH1,2020,Frozen-T2,415,3.8219674674258948,3.4905337488660155,-4.436473790807932,0.10983930629060677
2020-INH1,2020,T2-Mean12,415,3.5898279041442556,3.243367174575236,-3.7961260077747854,0.11619523692820433
2020-INH1,2020,T2-Median12,415,3.5981916072939666,3.2523721364929146,-3.818500396754855,0.12000665838757871
2020-MIH1,2020,Frozen-T1,415,2.566167822638504,2.281427889106352,-3.1374123339394764,0.1984931089454939
2020-MIH1,2020,Frozen-T2,415,2.5104630136691193,2.2230754532395687,-2.9597370707734973,0.2025791072164422
2020-MIH1,2020,T2-Mean12,415,3.1071060444521654,2.8572540295863096,-5.065559208057383,0.20872135734957417
2020-MIH1,2020,T2-Median12,415,2.738177499686868,2.4641710387984186,-3.710661411879177,0.20777334860321967
2020-MNH1,2020,Frozen-T1,392,1.815841918745445,1.509618580686457,-0.5252587673125779,0.032515829396040426
2020-MNH1,2020,Frozen-T2,392,1.4855418917856726,1.1554302143857689,-0.020839018811402488,0.03118873497135644
2020-MNH1,2020,T2-Mean12,392,1.8105329868730122,1.5053251511791597,-0.5163530827617504,0.03153833061599309
2020-MNH1,2020,T2-Median12,392,1.8151795313449064,1.5080970592851224,-0.5241461947835648,0.021366596488145616
2020-NEH1,2020,Frozen-T1,246,2.8037495208421594,2.2828377046491934,-1.3555377004630293,0.25144334812755537
2020-NEH1,2020,Frozen-T2,246,2.76573020153546,2.2439977498058306,-1.292087850581865,0.2557697321169191
2020-NEH1,2020,T2-Mean12,246,2.4641540611195785,1.93567791777191,-0.8194802610566996,0.2601527867114845
2020-NEH1,2020,T2-Median12,246,2.3447261635628527,1.8188776738778556,-0.6473879836581347,0.2571641018458727
2020-NEH2,2020,Frozen-T1,245,1.264325156954245,0.9698108403840776,-0.16276682139828735,-0.06779908115336054
2020-NEH2,2020,Frozen-T2,245,1.4463691867595219,1.1817852188299596,-0.5217152549647786,-0.06303630236893835
2020-NEH2,2020,T2-Mean12,245,1.5986125729147702,1.3375196963605398,-0.8589235136025897,-0.06103441165186189
2020-NEH2,2020,T2-Median12,245,1.5815829988331858,1.3160081741139678,-0.8195292771879155,-0.07247078319934824
2020-NYH1,2020,Frozen-T1,22,3.0264891588430753,2.4105239336761795,-1.8628755751489243,-0.024260392886504605
2020-NYH1,2020,Frozen-T2,22,3.0477054195297337,2.4373661593578313,-1.9031548618417227,-0.017786571462031046
2020-NYH1,2020,T2-Mean12,22,2.8953409523311118,2.2880223725402233,-1.6201349153786913,0.0006060863991083641
2020-NYH1,2020,T2-Median12,22,2.914751004828239,2.3158906145150246,-1.6553828719153714,0.01620928204206461
2020-NYH2,2020,Frozen-T1,386,2.727316403706774,2.1711601337092317,-0.6341356898048085,0.1039742708329763
2020-NYH2,2020,Frozen-T2,386,2.7499481588027037,2.1937034148628567,-0.661368911376607,0.10303950571381584
2020-NYH2,2020,T2-Mean12,386,2.6436866893849054,2.0886119850519544,-0.5354547943596188,0.10335604308578553
2020-NYH2,2020,T2-Median12,386,2.666535434686903,2.110654924796854,-0.562110618242291,0.1015154705920864
2020-NYH3,2020,Frozen-T1,379,2.7880050700721983,2.14803075357084,-0.5678435579991623,-0.019246452264785746
2020-NYH3,2020,Frozen-T2,379,2.829361683230751,2.189351706236777,-0.6147025942937556,-0.02131052497081683
2020-NYH3,2020,T2-Mean12,379,2.735173942732104,2.097789941197229,-0.5089870346273739,-0.02595527402564639
2020-NYH3,2020,T2-Median12,379,2.750680367572216,2.11271141281893,-0.5261452279071293,-0.024511969307203594
2020-OHH1,2020,Frozen-T1,396,3.8545839972087865,3.6440857892534457,-8.262279412434097,0.12342741442467331
2020-OHH1,2020,Frozen-T2,396,2.79913725257643,2.5321260604699285,-3.884400176580378,0.11673976615817559
2020-OHH1,2020,T2-Mean12,396,2.767938124357909,2.499488236457153,-3.7761241249476374,0.11130191810047906
2020-OHH1,2020,T2-Median12,396,2.5365257368096894,2.2623748264836356,-3.0108959568590503,0.11179516175226
2020-SCH1,2020,Frozen-T1,398,3.804391183079848,3.5769741874953667,-8.10948596836151,-0.03984266616977037
2020-SCH1,2020,Frozen-T2,398,3.253450515930397,2.999067420345827,-5.66211230554095,-0.04568339998818382
2020-SCH1,2020,T2-Mean12,398,2.3788130927134783,2.075359796401317,-2.561592093129544,-0.04842990652634764
2020-SCH1,2020,T2-Median12,398,2.8964361963735556,2.618803300092882,-4.280213346916778,-0.04037026873256168
2020-TXH1,2020,Frozen-T1,246,1.7264770480001257,1.3817550221260848,-0.08358572911874562,0.25466857441223806
2020-TXH1,2020,Frozen-T2,246,1.6781326549110174,1.3365225239680982,-0.02375075556231976,0.26168911586569993
2020-TXH1,2020,T2-Mean12,246,1.7030351005011173,1.359704527311388,-0.05435984264469362,0.2641964221134747
2020-TXH1,2020,T2-Median12,246,1.69001070011557,1.346488674646506,-0.038294532325928055,0.2646322608556634
2020-TXH2,2020,Frozen-T1,245,1.9109131544585305,1.5491883650337923,-0.497290513054121,0.20101524931806722
2020-TXH2,2020,Frozen-T2,245,1.9957864952913047,1.636969433970721,-0.6332487404899028,0.20222992763089453
2020-TXH2,2020,T2-Mean12,245,1.944658646521928,1.585456166596358,-0.5506398140181654,0.203850528289596
2020-TXH2,2020,T2-Median12,245,1.9685345606385178,1.6127482063637726,-0.5889501068630962,0.2093925874935326
2020-TXH3,2020,Frozen-T1,246,1.7617206961186607,1.4374767825467336,-0.8846708326017405,-0.10344799676045675
2020-TXH3,2020,Frozen-T2,246,1.6435129288225543,1.3284614315648846,-0.6402409357905134,-0.10484115861915493
2020-TXH3,2020,T2-Mean12,246,1.5693132129679765,1.2669654902450835,-0.49548017269009015,-0.10657832321645594
2020-TXH3,2020,T2-Median12,246,1.604843825018077,1.2947513087919165,-0.5639647050682719,-0.10299861579944858
2020-WIH1,2020,Frozen-T1,394,2.199005273191488,1.7640029916093771,-0.10958994737331795,0.00017657807181092007
2020-WIH1,2020,Frozen-T2,394,2.1771568867623947,1.7398772634474957,-0.08765064837613012,-0.011372510984974679
2020-WIH1,2020,T2-Mean12,394,2.1584525446599496,1.719728493941628,-0.06904252566367308,-0.025020043777014042
2020-WIH1,2020,T2-Median12,394,2.148281625243653,1.7072467501725344,-0.05899131787184908,-0.022124426085119893
2020-WIH2,2020,Frozen-T1,1147,3.0193836875193476,2.5495854368707387,-0.27919426777630885,0.09122476337508106
2020-WIH2,2020,Frozen-T2,1147,2.785282785364055,2.360236063245177,-0.08852519524016089,0.09450220664514092
2020-WIH2,2020,T2-Mean12,1147,3.010438892441627,2.5429270188354205,-0.27162637753052565,0.09633108792557628
2020-WIH2,2020,T2-Median12,1147,3.0315196431793576,2.5597067567113108,-0.2894979888004128,0.09780551423983314
2021-DEH1,2021,Frozen-T1,1138,2.2177218881500624,1.8553291923548936,-0.2947368833909261,0.32390454307550876
2021-DEH1,2021,Frozen-T2,1138,2.0168391607974305,1.6548892596157858,-0.0708037542280684,0.31575152387163297
2021-DEH1,2021,T2-Mean12,1138,2.028181463225036,1.6679996415177716,-0.08288159549472374,0.33069948754993106
2021-DEH1,2021,T2-Median12,1138,2.029110672346187,1.6684287591568585,-0.08387406483141535,0.3185332706002734
2021-GAH2,2021,Frozen-T1,321,3.721617878117359,3.0978712656763965,-1.829472121257441,0.15493044946626724
2021-GAH2,2021,Frozen-T2,321,4.226052496036846,3.66270703655099,-2.6484771917283325,0.15755701500572644
2021-GAH2,2021,T2-Mean12,321,4.086526314834113,3.504906427349581,-2.4115399413566903,0.15330774406049902
2021-GAH2,2021,T2-Median12,321,4.132789272420336,3.557809234429819,-2.4892202442097675,0.1572143390235923
2021-IAH4,2021,Frozen-T1,1124,1.7785908062161189,1.4300386950172626,-0.24985358455840356,0.42680182983901904
2021-IAH4,2021,Frozen-T2,1124,1.840461740163989,1.486557847228022,-0.3383220745394957,0.4170127324106828
2021-IAH4,2021,T2-Mean12,1124,2.1247865205300425,1.7573101196516139,-0.7837650859197458,0.43702872045428853
2021-IAH4,2021,T2-Median12,1124,2.0869965998384776,1.7159418563995017,-0.7208798008211963,0.41882434541914265
2021-ILH1,2021,Frozen-T1,402,2.3875731675860763,2.0022592269807222,-1.239630722250113,-0.024291619779376536
2021-ILH1,2021,Frozen-T2,402,2.3486363061058295,1.9596523702684794,-1.1671779709910481,-0.03059053503746862
2021-ILH1,2021,T2-Mean12,402,2.681455946570689,2.2986865133950785,-1.8249084003613176,-0.01272272384457252
2021-ILH1,2021,T2-Median12,402,2.412025667840694,2.0248603036002644,-1.2857403109949375,-0.017319667244720467
2021-INH1,2021,Frozen-T1,411,1.462276413414088,1.1175842097098814,-0.11364946543617127,0.09490716032358076
2021-INH1,2021,Frozen-T2,411,1.426221513882839,1.0837639891125361,-0.059408687063552845,0.08942985620182908
2021-INH1,2021,T2-Mean12,411,1.4435376827703619,1.1122328806653259,-0.0852900314965408,0.10083314849756247
2021-INH1,2021,T2-Median12,411,1.4017662324222915,1.0675244792768246,-0.023389015200552032,0.09542181923332516
2021-MIH1,2021,Frozen-T1,417,3.008322943838806,2.7323423195165697,-3.2094973140253407,0.21768868152976317
2021-MIH1,2021,Frozen-T2,417,2.685622723301268,2.400713838474904,-2.3548362765522888,0.2129300351678938
2021-MIH1,2021,T2-Mean12,417,2.3938461553262,2.1058259499877625,-1.6654699904438575,0.22275216745093993
2021-MIH1,2021,T2-Median12,417,2.6953341104431217,2.4109426044661584,-2.379142758252494,0.22321204808643003
2021-MNH1,2021,Frozen-T1,415,2.0416635267956966,1.718700943849877,-1.2446632682763865,0.1260587603619182
2021-MNH1,2021,Frozen-T2,415,2.141705702384307,1.816015384614964,-1.470031233833883,0.12362190175086213
2021-MNH1,2021,T2-Mean12,415,1.9933423880958197,1.672167884314199,-1.1396693376289666,0.1315326660422482
2021-MNH1,2021,T2-Median12,415,2.057223267273578,1.7366451229614552,-1.2790072885546642,0.13237602329138906
2021-NEH1,2021,Frozen-T1,247,3.1335657652118702,2.5581020902217726,-0.0494971089959495,-0.02741824431958407
2021-NEH1,2021,Frozen-T2,247,3.108717383030668,2.618910538158809,-0.032918610228996004,-0.03093788803480439
2021-NEH1,2021,T2-Mean12,247,3.1059097540798426,2.619836972767236,-0.031053697951701986,-0.014388514225731553
2021-NEH1,2021,T2-Median12,247,3.1134040268920065,2.628974024024006,-0.036035375189082286,-0.02355086252660119
2021-NEH2,2021,Frozen-T1,247,2.541667283494427,2.1293236626243752,-1.0775081906341386,-0.034291178052850514
2021-NEH2,2021,Frozen-T2,247,2.840513144674224,2.4426456032288155,-1.5947705131073109,-0.041006453259754314
2021-NEH2,2021,T2-Mean12,247,3.415760097902649,3.060510665214784,-2.7521489390979577,-0.02977296326433081
2021-NEH2,2021,T2-Median12,247,3.316742777894881,2.9528132399529405,-2.5377645971606158,-0.037331982677345596
2021-NYH1,2021,Frozen-T1,22,2.5816710017356455,2.246654985606523,-1.3039516129303999,0.06863207630812143
2021-NYH1,2021,Frozen-T2,22,2.668593502304307,2.322266598620051,-1.4617072749579267,0.05772725960777933
2021-NYH1,2021,T2-Mean12,22,2.722930358801898,2.3678812168636436,-1.56297652695608,0.084529464812205
2021-NYH1,2021,T2-Median12,22,2.6910202536367853,2.345395942606562,-1.503257312580553,0.06596887904197705
2021-NYH2,2021,Frozen-T1,396,2.554841031589439,2.1558343364705097,-1.2843187702655472,0.14391802299199732
2021-NYH2,2021,Frozen-T2,396,2.471756823023579,2.0686857064481794,-1.138161113300765,0.14602550969475062
2021-NYH2,2021,T2-Mean12,396,2.449607343736058,2.045877242274552,-1.1000125693000689,0.14376758917360996
2021-NYH2,2021,T2-Median12,396,2.5022071553488794,2.1001444141016643,-1.1911669404469993,0.14418530426321377
2021-NYH3,2021,Frozen-T1,357,1.9334364787930045,1.5449740839871675,-0.4994809887898566,0.013657953872126495
2021-NYH3,2021,Frozen-T2,357,1.9605783843093165,1.5680933087766047,-0.5418764228878141,0.010459978224293856
2021-NYH3,2021,T2-Mean12,357,2.096629708257029,1.7029560579763818,-0.7632935455219885,0.025235003245737873
2021-NYH3,2021,T2-Median12,357,2.030913287311981,1.6359443561760283,-0.6544890960145955,0.012751610661740536
2021-SCH1,2021,Frozen-T1,397,2.4021343171746943,2.018213618940147,-1.1391269895375884,0.06793147020186985
2021-SCH1,2021,Frozen-T2,397,2.3874429212509756,2.0027540447510845,-1.1130413051109058,0.06645005982009698
2021-SCH1,2021,T2-Mean12,397,2.17212309638542,1.7787172660721977,-0.7490847731679684,0.06782873675498186
2021-SCH1,2021,T2-Median12,397,2.2770519294596374,1.8872937341619767,-0.922152594184638,0.06540876476297576
2021-SCH1L,2021,Frozen-T1,43,2.547463297998092,2.3507458323053405,-9.25710464153434,0.076303716008679
2021-SCH1L,2021,Frozen-T2,43,2.8364322716311383,2.655674423390375,-11.716094612609442,0.07202413260673024
2021-SCH1L,2021,T2-Mean12,43,3.2001347102249604,3.0500624642212983,-15.186219872176405,0.08215563856228732
2021-SCH1L,2021,T2-Median12,43,2.990836735443344,2.822057662116259,-13.138206718370734,0.06862553004641182
2021-TXH1,2021,Frozen-T1,266,1.884701849726555,1.5218321703937197,-0.35901119411215965,0.060137415007893845
2021-TXH1,2021,Frozen-T2,266,1.8043843490770612,1.446672206702616,-0.24564940044371708,0.059319385929655424
2021-TXH1,2021,T2-Mean12,266,1.9933781062506637,1.6245141671465557,-0.5202572682040518,0.06398520881931978
2021-TXH1,2021,T2-Median12,266,1.9151441408414385,1.5550284685740228,-0.4032681001996463,0.07369780049127399
2021-TXH2,2021,Frozen-T1,247,1.9647267875816827,1.57373368231641,-0.3498906210973085,0.15203871528280954
2021-TXH2,2021,Frozen-T2,247,1.8750116240533874,1.4900191722223814,-0.22942538436361515,0.15457278811552935
2021-TXH2,2021,T2-Mean12,247,2.083218947677582,1.6895474628883704,-0.51762363304738,0.14583116056574547
2021-TXH2,2021,T2-Median12,247,2.0071116541368235,1.616664331757642,-0.40876097437308223,0.14048682066102913
2021-TXH3,2021,Frozen-T1,246,4.917892784472315,4.805847615734715,-21.558572901692408,0.13912900888109314
2021-TXH3,2021,Frozen-T2,246,5.104208889026407,4.996511294594022,-23.30023021965037,0.14525247234810024
2021-TXH3,2021,T2-Mean12,246,4.836976838949998,4.7234269330537515,-20.822350391959255,0.13899696506760414
2021-TXH3,2021,T2-Median12,246,4.933495139403545,4.823150076521488,-21.701937223041615,0.14576407914847805
2021-WIH1,2021,Frozen-T1,397,2.4773858478332214,2.0675738372591494,-0.3593573687908109,0.11795614899784403
2021-WIH1,2021,Frozen-T2,397,2.5045487695027777,2.096115924377165,-0.38932972227646934,0.11721853439408837
2021-WIH1,2021,T2-Mean12,397,2.5437011914479024,2.137231483336626,-0.4331067049048063,0.11681712900240075
2021-WIH1,2021,T2-Median12,397,2.4740819029854864,2.0641116140448816,-0.3557339954472365,0.11197883086835407
2021-WIH2,2021,Frozen-T1,1137,2.5178740814777782,2.1238656214130107,-0.8193346990910497,0.20585791430563236
2021-WIH2,2021,Frozen-T2,1137,2.330917091847815,1.934427585689762,-0.5591871282999528,0.19895061835382352
2021-WIH2,2021,T2-Mean12,1137,2.430110389187231,2.038670671714445,-0.6947146832827908,0.21016168683934563
2021-WIH2,2021,T2-Median12,1137,2.446661952336229,2.0517348844918892,-0.7178788181898992,0.18308857057761596
