rmse,mae,r2,predictive_correlation,n,specification,scope,rmse_improvement_vs_G,mae_improvement_vs_G
2.08036468244541,1.2697861847024254,-0.08303327883956024,0.10215510986857779,285.0,G,pooled,0.0,0.0
2.058764996730388,1.2238006944848128,-0.1441719411441753,0.05155567526113438,133.0,G,protocol_A,,
2.0990820909732473,1.3100234886428366,-0.04206523449998745,0.14358850733728012,152.0,G,protocol_B,,
2.0818365226582407,1.2734149566147694,-0.08456629450180153,0.10391242554155852,285.0,G+P,pooled,-0.001471840212830866,-0.0036287719123440088
2.0608566515978595,1.2022235124524605,-0.14649802356402697,0.04713684789461034,133.0,G+P,protocol_A,,
2.1000219831307825,1.33570747025679,-0.042998640794082776,0.14203784486222326,152.0,G+P,protocol_B,,
0.8238366987372847,0.43214852305802254,0.8301579882476283,0.9222562215236559,285.0,G+P+X15,pooled,1.2565279837081251,0.8376376616444029
0.9009027402953219,0.4684348300668815,0.7809044495884597,0.9115416844838,133.0,G+P+X15,protocol_A,,
0.7499352772484661,0.400398004425271,0.8669902039779093,0.9359021939247837,152.0,G+P+X15,protocol_B,,
