genotype_id,test_environment
W001,ME1
W002,ME2
W003,ME3
W004,ME4
W005,ME1
W006,ME2
W007,ME3
W008,ME4
W009,ME1
W010,ME2
W011,ME3
W012,ME4
W013,ME1
W014,ME2
W015,ME3
W016,ME4
W017,ME1
W018,ME2
W019,ME3
W020,ME4
W021,ME1
W022,ME2
W023,ME3
W024,ME4
W025,ME1
W026,ME2
W027,ME3
W028,ME4
W029,ME1
W030,ME2
W031,ME3
W032,ME4
W033,ME1
W034,ME2
W035,ME3
W036,ME4
W037,ME1
W038,ME2
W039,ME3
W040,ME4
W041,ME1
W042,ME2
W043,ME3
W044,ME4
W045,ME1
W046,ME2
W047,ME3
W048,ME4
W049,ME1
W050,ME2
W051,ME3
W052,ME4
W053,ME1
W054,ME2
W055,ME3
W056,ME4
W057,ME1
W058,ME2
W059,ME3
W060,ME4
W061,ME1
W062,ME2
W063,ME3
W064,ME4
W065,ME1
W066,ME2
W067,ME3
W068,ME4
W069,ME1
W070,ME2
W071,ME3
W072,ME4
W073,ME1
W074,ME2
W075,ME3
W076,ME4
W077,ME1
W078,ME2
W079,ME3
W080,ME4
W081,ME1
W082,ME2
W083,ME3
W084,ME4
W085,ME1
W086,ME2
W087,ME3
W088,ME4
W089,ME1
W090,ME2
W091,ME3
W092,ME4
W093,ME1
W094,ME2
W095,ME3
W096,ME4
W097,ME1
W098,ME2
W099,ME3
W100,ME4
W101,ME1
W102,ME2
W103,ME3
W104,ME4
W105,ME1
W106,ME2
W107,ME3
W108,ME4
W109,ME1
W110,ME2
W111,ME3
W112,ME4
W113,ME1
W114,ME2
W115,ME3
W116,ME4
W117,ME1
W118,ME2
W119,ME3
W120,ME4
W121,ME1
W122,ME2
W123,ME3
W124,ME4
W125,ME1
W126,ME2
W127,ME3
W128,ME4
W129,ME1
W130,ME2
W131,ME3
W132,ME4
W133,ME1
W134,ME2
W135,ME3
W136,ME4
W137,ME1
W138,ME2
W139,ME3
W140,ME4
W141,ME1
W142,ME2
W143,ME3
W144,ME4
W145,ME1
W146,ME2
W147,ME3
W148,ME4
W149,ME1
W150,ME2
W151,ME3
W152,ME4
W153,ME1
W154,ME2
W155,ME3
W156,ME4
W157,ME1
W158,ME2
W159,ME3
W160,ME4
W161,ME1
W162,ME2
W163,ME3
W164,ME4
W165,ME1
W166,ME2
W167,ME3
W168,ME4
W169,ME1
W170,ME2
W171,ME3
W172,ME4
W173,ME1
W174,ME2
W175,ME3
W176,ME4
W177,ME1
W178,ME2
W179,ME3
W180,ME4
W181,ME1
W182,ME2
W183,ME3
W184,ME4
W185,ME1
W186,ME2
W187,ME3
W188,ME4
W189,ME1
W190,ME2
W191,ME3
W192,ME4
W193,ME1
W194,ME2
W195,ME3
W196,ME4
W197,ME1
W198,ME2
W199,ME3
W200,ME4
W201,ME1
W202,ME2
W203,ME3
W204,ME4
W205,ME1
W206,ME2
W207,ME3
W208,ME4
W209,ME1
W210,ME2
W211,ME3
W212,ME4
W213,ME1
W214,ME2
W215,ME3
W216,ME4
W217,ME1
W218,ME2
W219,ME3
W220,ME4
W221,ME1
W222,ME2
W223,ME3
W224,ME4
W225,ME1
W226,ME2
W227,ME3
W228,ME4
W229,ME1
W230,ME2
W231,ME3
W232,ME4
W233,ME1
W234,ME2
W235,ME3
W236,ME4
W237,ME1
W238,ME2
W239,ME3
W240,ME4
W241,ME1
W242,ME2
W243,ME3
W244,ME4
W245,ME1
W246,ME2
W247,ME3
W248,ME4
W249,ME1
W250,ME2
W251,ME3
W252,ME4
W253,ME1
W254,ME2
W255,ME3
W256,ME4
W257,ME1
W258,ME2
W259,ME3
W260,ME4
W261,ME1
W262,ME2
W263,ME3
W264,ME4
W265,ME1
W266,ME2
W267,ME3
W268,ME4
W269,ME1
W270,ME2
W271,ME3
W272,ME4
W273,ME1
W274,ME2
W275,ME3
W276,ME4
W277,ME1
W278,ME2
W279,ME3
W280,ME4
W281,ME1
W282,ME2
W283,ME3
W284,ME4
W285,ME1
W286,ME2
W287,ME3
W288,ME4
W289,ME1
W290,ME2
W291,ME3
W292,ME4
W293,ME1
W294,ME2
W295,ME3
W296,ME4
W297,ME1
W298,ME2
W299,ME3
W300,ME4
W301,ME1
W302,ME2
W303,ME3
W304,ME4
W305,ME1
W306,ME2
W307,ME3
W308,ME4
W309,ME1
W310,ME2
W311,ME3
W312,ME4
W313,ME1
W314,ME2
W315,ME3
W316,ME4
W317,ME1
W318,ME2
W319,ME3
W320,ME4
W321,ME1
W322,ME2
W323,ME3
W324,ME4
W325,ME1
W326,ME2
W327,ME3
W328,ME4
W329,ME1
W330,ME2
W331,ME3
W332,ME4
W333,ME1
W334,ME2
W335,ME3
W336,ME4
W337,ME1
W338,ME2
W339,ME3
W340,ME4
W341,ME1
W342,ME2
W343,ME3
W344,ME4
W345,ME1
W346,ME2
W347,ME3
W348,ME4
W349,ME1
W350,ME2
W351,ME3
W352,ME4
W353,ME1
W354,ME2
W355,ME3
W356,ME4
W357,ME1
W358,ME2
W359,ME3
W360,ME4
W361,ME1
W362,ME2
W363,ME3
W364,ME4
W365,ME1
W366,ME2
W367,ME3
W368,ME4
W369,ME1
W370,ME2
W371,ME3
W372,ME4
W373,ME1
W374,ME2
W375,ME3
W376,ME4
W377,ME1
W378,ME2
W379,ME3
W380,ME4
W381,ME1
W382,ME2
W383,ME3
W384,ME4
W385,ME1
W386,ME2
W387,ME3
W388,ME4
W389,ME1
W390,ME2
W391,ME3
W392,ME4
W393,ME1
W394,ME2
W395,ME3
W396,ME4
W397,ME1
W398,ME2
W399,ME3
W400,ME4
W401,ME1
W402,ME2
W403,ME3
W404,ME4
W405,ME1
W406,ME2
W407,ME3
W408,ME4
W409,ME1
W410,ME2
W411,ME3
W412,ME4
W413,ME1
W414,ME2
W415,ME3
W416,ME4
W417,ME1
W418,ME2
W419,ME3
W420,ME4
W421,ME1
W422,ME2
W423,ME3
W424,ME4
W425,ME1
W426,ME2
W427,ME3
W428,ME4
W429,ME1
W430,ME2
W431,ME3
W432,ME4
W433,ME1
W434,ME2
W435,ME3
W436,ME4
W437,ME1
W438,ME2
W439,ME3
W440,ME4
W441,ME1
W442,ME2
W443,ME3
W444,ME4
W445,ME1
W446,ME2
W447,ME3
W448,ME4
W449,ME1
W450,ME2
W451,ME3
W452,ME4
W453,ME1
W454,ME2
W455,ME3
W456,ME4
W457,ME1
W458,ME2
W459,ME3
W460,ME4
W461,ME1
W462,ME2
W463,ME3
W464,ME4
W465,ME1
W466,ME2
W467,ME3
W468,ME4
W469,ME1
W470,ME2
W471,ME3
W472,ME4
W473,ME1
W474,ME2
W475,ME3
W476,ME4
W477,ME1
W478,ME2
W479,ME3
W480,ME4
W481,ME1
W482,ME2
W483,ME3
W484,ME4
W485,ME1
W486,ME2
W487,ME3
W488,ME4
W489,ME1
W490,ME2
W491,ME3
W492,ME4
W493,ME1
W494,ME2
W495,ME3
W496,ME4
W497,ME1
W498,ME2
W499,ME3
W500,ME4
W501,ME1
W502,ME2
W503,ME3
W504,ME4
W505,ME1
W506,ME2
W507,ME3
W508,ME4
W509,ME1
W510,ME2
W511,ME3
W512,ME4
W513,ME1
W514,ME2
W515,ME3
W516,ME4
W517,ME1
W518,ME2
W519,ME3
W520,ME4
W521,ME1
W522,ME2
W523,ME3
W524,ME4
W525,ME1
W526,ME2
W527,ME3
W528,ME4
W529,ME1
W530,ME2
W531,ME3
W532,ME4
W533,ME1
W534,ME2
W535,ME3
W536,ME4
W537,ME1
W538,ME2
W539,ME3
W540,ME4
W541,ME1
W542,ME2
W543,ME3
W544,ME4
W545,ME1
W546,ME2
W547,ME3
W548,ME4
W549,ME1
W550,ME2
W551,ME3
W552,ME4
W553,ME1
W554,ME2
W555,ME3
W556,ME4
W557,ME1
W558,ME2
W559,ME3
W560,ME4
W561,ME1
W562,ME2
W563,ME3
W564,ME4
W565,ME1
W566,ME2
W567,ME3
W568,ME4
W569,ME1
W570,ME2
W571,ME3
W572,ME4
W573,ME1
W574,ME2
W575,ME3
W576,ME4
W577,ME1
W578,ME2
W579,ME3
W580,ME4
W581,ME1
W582,ME2
W583,ME3
W584,ME4
W585,ME1
W586,ME2
W587,ME3
W588,ME4
W589,ME1
W590,ME2
W591,ME3
W592,ME4
W593,ME1
W594,ME2
W595,ME3
W596,ME4
W597,ME1
W598,ME2
W599,ME3
